paper_id,author_name
31336,Author_31336
1061127,Author_1061127
1106406,Author_1106406
13195,Author_13195
37879,Author_37879
1126012,Author_1126012
1107140,Author_1107140
1102850,Author_1102850
31349,Author_31349
1106418,Author_1106418
1123188,Author_1123188
1128990,Author_1128990
109323,Author_109323
217139,Author_217139
31353,Author_31353
32083,Author_32083
1126029,Author_1126029
1118017,Author_1118017
49482,Author_49482
753265,Author_753265
249858,Author_249858
1113739,Author_1113739
48766,Author_48766
646195,Author_646195
1126050,Author_1126050
59626,Author_59626
340299,Author_340299
354004,Author_354004
242637,Author_242637
1106492,Author_1106492
74975,Author_74975
1152272,Author_1152272
100701,Author_100701
66982,Author_66982
13960,Author_13960
13966,Author_13966
66990,Author_66990
182093,Author_182093
182094,Author_182094
13972,Author_13972
13982,Author_13982
16819,Author_16819
273152,Author_273152
237521,Author_237521
1153703,Author_1153703
32872,Author_32872
284025,Author_284025
218666,Author_218666
16843,Author_16843
1153724,Author_1153724
1153728,Author_1153728
158098,Author_158098
8699,Author_8699
1134865,Author_1134865
28456,Author_28456
248425,Author_248425
1112319,Author_1112319
28471,Author_28471
175548,Author_175548
696345,Author_696345
28485,Author_28485
1139195,Author_1139195
35778,Author_35778
28491,Author_28491
310530,Author_310530
1153784,Author_1153784
1481,Author_1481
1153786,Author_1153786
13212,Author_13212
1111614,Author_1111614
5055,Author_5055
4329,Author_4329
330148,Author_330148
1105062,Author_1105062
4330,Author_4330
5062,Author_5062
4335,Author_4335
158812,Author_158812
40124,Author_40124
1103610,Author_1103610
688361,Author_688361
302545,Author_302545
20534,Author_20534
1031453,Author_1031453
5086,Author_5086
193742,Author_193742
58268,Author_58268
424,Author_424
40151,Author_40151
636098,Author_636098
260121,Author_260121
950052,Author_950052
434,Author_434
1131270,Author_1131270
1131274,Author_1131274
1131277,Author_1131277
1110947,Author_1110947
662279,Author_662279
1139928,Author_1139928
153063,Author_153063
134199,Author_134199
641956,Author_641956
20584,Author_20584
1130567,Author_1130567
171225,Author_171225
714879,Author_714879
37998,Author_37998
50336,Author_50336
50337,Author_50337
15429,Author_15429
23448,Author_23448
1122574,Author_1122574
1110998,Author_1110998
853150,Author_853150
15431,Author_15431
646286,Author_646286
1152307,Author_1152307
1115291,Author_1115291
1106547,Author_1106547
68463,Author_68463
59715,Author_59715
69198,Author_69198
7272,Author_7272
163235,Author_163235
7276,Author_7276
34315,Author_34315
644843,Author_644843
7297,Author_7297
628815,Author_628815
35061,Author_35061
68495,Author_68495
1136310,Author_1136310
18313,Author_18313
34355,Author_34355
45212,Author_45212
1153091,Author_1153091
8703,Author_8703
126920,Author_126920
126927,Author_126927
595157,Author_595157
140005,Author_140005
1117476,Author_1117476
59798,Author_59798
219446,Author_219446
44514,Author_44514
287787,Author_287787
157401,Author_157401
1154500,Author_1154500
682666,Author_682666
399173,Author_399173
198866,Author_198866
51834,Author_51834
200630,Author_200630
782486,Author_782486
1136393,Author_1136393
137849,Author_137849
1153811,Author_1153811
24966,Author_24966
11148,Author_11148
51866,Author_51866
24974,Author_24974
137868,Author_137868
28542,Author_28542
35,Author_35
116021,Author_116021
348305,Author_348305
10430,Author_10430
39403,Author_39403
40,Author_40
282700,Author_282700
1105116,Author_1105116
35854,Author_35854
63477,Author_63477
124064,Author_124064
1120431,Author_1120431
949318,Author_949318
649944,Author_649944
63486,Author_63486
1153866,Author_1153866
1140040,Author_1140040
1112426,Author_1112426
239800,Author_239800
1131314,Author_1131314
1153891,Author_1153891
1129835,Author_1129835
310653,Author_310653
1130600,Author_1130600
1111733,Author_1111733
210871,Author_210871
210872,Author_210872
1132083,Author_1132083
132806,Author_132806
12631,Author_12631
12638,Author_12638
38771,Author_38771
232605,Author_232605
232606,Author_232606
1107312,Author_1107312
1114605,Author_1114605
68505,Author_68505
133553,Author_133553
144408,Author_144408
23502,Author_23502
1108050,Author_1108050
23507,Author_23507
83826,Author_83826
133563,Author_133563
85299,Author_85299
49660,Author_49660
593060,Author_593060
341188,Author_341188
714975,Author_714975
1115375,Author_1115375
95435,Author_95435
145176,Author_145176
1113934,Author_1113934
1132809,Author_1132809
22835,Author_22835
1153148,Author_1153148
41714,Author_41714
1118245,Author_1118245
1152436,Author_1152436
1153166,Author_1153166
1153169,Author_1153169
38000,Author_38000
1152448,Author_1152448
1137140,Author_1137140
30895,Author_30895
5966,Author_5966
1136422,Author_1136422
27174,Author_27174
1128407,Author_1128407
1124844,Author_1124844
1153195,Author_1153195
1113995,Author_1113995
1136442,Author_1136442
8821,Author_8821
46079,Author_46079
119761,Author_119761
1111052,Author_1111052
315789,Author_315789
1108841,Author_1108841
1135746,Author_1135746
100935,Author_100935
353541,Author_353541
60682,Author_60682
253762,Author_253762
8872,Author_8872
714260,Author_714260
137956,Author_137956
35922,Author_35922
2354,Author_2354
168410,Author_168410
346292,Author_346292
1153933,Author_1153933
1119751,Author_1119751
17798,Author_17798
400356,Author_400356
10531,Author_10531
1110390,Author_1110390
714289,Author_714289
733167,Author_733167
81714,Author_81714
428610,Author_428610
552469,Author_552469
164885,Author_164885
81722,Author_81722
111866,Author_111866
194617,Author_194617
93318,Author_93318
134307,Author_134307
203646,Author_203646
367312,Author_367312
650814,Author_650814
93320,Author_93320
134315,Author_134315
134316,Author_134316
976334,Author_976334
1095507,Author_1095507
134320,Author_134320
662416,Author_662416
194645,Author_194645
1131421,Author_1131421
161221,Author_161221
38839,Author_38839
38846,Author_38846
133615,Author_133615
1112574,Author_1112574
521207,Author_521207
3828,Author_3828
593105,Author_593105
390693,Author_390693
642847,Author_642847
1122704,Author_1122704
4584,Author_4584
7419,Author_7419
30901,Author_30901
1115456,Author_1115456
7432,Author_7432
573553,Author_573553
1022969,Author_1022969
143801,Author_143801
612306,Author_612306
417017,Author_417017
396412,Author_396412
1107455,Author_1107455
91975,Author_91975
180187,Author_180187
27203,Author_27203
1152508,Author_1152508
69392,Author_69392
1118332,Author_1118332
189577,Author_189577
1114777,Author_1114777
75969,Author_75969
1132922,Author_1132922
1153254,Author_1153254
1117618,Author_1117618
6767,Author_6767
27241,Author_27241
27246,Author_27246
95589,Author_95589
6771,Author_6771
86840,Author_86840
108962,Author_108962
6786,Author_6786
108963,Author_108963
108974,Author_108974
1117653,Author_1117653
1152569,Author_1152569
1132968,Author_1132968
370366,Author_370366
108983,Author_108983
399339,Author_399339
64319,Author_64319
1110426,Author_1110426
1102407,Author_1102407
1127812,Author_1127812
1128542,Author_1128542
65057,Author_65057
159084,Author_159084
159085,Author_159085
65074,Author_65074
33895,Author_33895
2440,Author_2440
1717,Author_1717
249421,Author_249421
3187,Author_3187
591016,Author_591016
1110494,Author_1110494
29492,Author_29492
400473,Author_400473
644334,Author_644334
949511,Author_949511
205192,Author_205192
763009,Author_763009
169280,Author_169280
1120643,Author_1120643
645088,Author_645088
5348,Author_5348
124296,Author_124296
1121398,Author_1121398
950305,Author_950305
567018,Author_567018
52000,Author_52000
52003,Author_52003
52007,Author_52007
58540,Author_58540
436796,Author_436796
948846,Author_948846
8213,Author_8213
671293,Author_671293
1131550,Author_1131550
899119,Author_899119
1105394,Author_1105394
85452,Author_85452
1112686,Author_1112686
69418,Author_69418
8224,Author_8224
145315,Author_145315
575077,Author_575077
20850,Author_20850
44017,Author_44017
1135125,Author_1135125
286562,Author_286562
1123553,Author_1123553
1135137,Author_1135137
325314,Author_325314
662572,Author_662572
159897,Author_159897
1130856,Author_1130856
96335,Author_96335
755082,Author_755082
1123576,Author_1123576
1103979,Author_1103979
593260,Author_593260
601567,Author_601567
1119140,Author_1119140
189655,Author_189655
31769,Author_31769
1107567,Author_1107567
88356,Author_88356
1033,Author_1033
1034,Author_1034
1106849,Author_1106849
16470,Author_16470
35343,Author_35343
16471,Author_16471
1154074,Author_1154074
16476,Author_16476
23774,Author_23774
16485,Author_16485
136665,Author_136665
94953,Author_94953
9708,Author_9708
38205,Author_38205
645897,Author_645897
216877,Author_216877
18619,Author_18619
559804,Author_559804
6898,Author_6898
166420,Author_166420
787016,Author_787016
73146,Author_73146
1136634,Author_1136634
1111230,Author_1111230
3218,Author_3218
3229,Author_3229
193347,Author_193347
84020,Author_84020
3231,Author_3231
52847,Author_52847
193352,Author_193352
193354,Author_193354
1110531,Author_1110531
686532,Author_686532
711598,Author_711598
1063773,Author_1063773
3243,Author_3243
78994,Author_78994
181782,Author_181782
284414,Author_284414
114189,Author_114189
686559,Author_686559
253971,Author_253971
1106103,Author_1106103
1114125,Author_1114125
75318,Author_75318
45599,Author_45599
97892,Author_97892
446271,Author_446271
1106112,Author_1106112
280876,Author_280876
12182,Author_12182
175909,Author_175909
64484,Author_64484
6125,Author_6125
1120713,Author_1120713
1114153,Author_1114153
12197,Author_12197
248823,Author_248823
919885,Author_919885
94229,Author_94229
1120731,Author_1120731
23069,Author_23069
6151,Author_6151
6155,Author_6155
23070,Author_23070
644448,Author_644448
1112723,Author_1112723
31097,Author_31097
6169,Author_6169
1106172,Author_1106172
6170,Author_6170
211875,Author_211875
1109017,Author_1109017
5454,Author_5454
6184,Author_6184
10796,Author_10796
10798,Author_10798
1120777,Author_1120777
86258,Author_86258
154134,Author_154134
6196,Author_6196
20920,Author_20920
20923,Author_20923
22386,Author_22386
1131639,Author_1131639
77515,Author_77515
93555,Author_93555
17201,Author_17201
644494,Author_644494
17208,Author_17208
1125082,Author_1125082
1131647,Author_1131647
74698,Author_74698
13652,Author_13652
20942,Author_20942
390894,Author_390894
390896,Author_390896
1125092,Author_1125092
13656,Author_13656
1116347,Author_1116347
13658,Author_13658
114966,Author_114966
120013,Author_120013
1117089,Author_1117089
57948,Author_57948
334153,Author_334153
160732,Author_160732
1154103,Author_1154103
12946,Author_12946
1104787,Author_1104787
17242,Author_17242
321861,Author_321861
189721,Author_189721
1119211,Author_1119211
12960,Author_12960
95718,Author_95718
6910,Author_6910
180373,Author_180373
6917,Author_6917
358884,Author_358884
887,Author_887
180399,Author_180399
358894,Author_358894
1154169,Author_1154169
120084,Author_120084
1120019,Author_1120019
1152711,Author_1152711
1154176,Author_1154176
424540,Author_424540
1118546,Author_1118546
643003,Author_643003
112099,Author_112099
1104007,Author_1104007
1120049,Author_1120049
175256,Author_175256
45605,Author_45605
15889,Author_15889
35490,Author_35490
221302,Author_221302
562123,Author_562123
1104031,Author_1104031
1129442,Author_1129442
1129443,Author_1129443
1137466,Author_1137466
328370,Author_328370
1103315,Author_1103315
12210,Author_12210
1104055,Author_1104055
64519,Author_64519
114,Author_114
1109873,Author_1109873
128,Author_128
12238,Author_12238
1112099,Author_1112099
18774,Author_18774
18777,Author_18777
130,Author_130
23116,Author_23116
948299,Author_948299
6209,Author_6209
197054,Author_197054
6210,Author_6210
6213,Author_6213
6214,Author_6214
6216,Author_6216
6217,Author_6217
2653,Author_2653
2658,Author_2658
753047,Author_753047
188318,Author_188318
74700,Author_74700
67415,Author_67415
6220,Author_6220
2665,Author_2665
28957,Author_28957
143323,Author_143323
340075,Author_340075
1949,Author_1949
1953,Author_1953
1955,Author_1955
1959,Author_1959
390922,Author_390922
22431,Author_22431
1113541,Author_1113541
1132418,Author_1132418
628500,Author_628500
648106,Author_648106
1104809,Author_1104809
4804,Author_4804
648112,Author_648112
33301,Author_33301
33303,Author_33303
267824,Author_267824
1138970,Author_1138970
13717,Author_13717
1131719,Author_1131719
1120866,Author_1120866
1106287,Author_1106287
755217,Author_755217
647408,Author_647408
1116410,Author_1116410
1132459,Author_1132459
1105574,Author_1105574
1133196,Author_1133196
307336,Author_307336
906,Author_906
1131745,Author_1131745
1131748,Author_1131748
910,Author_910
943,Author_943
31927,Author_31927
101261,Author_101261
101263,Author_101263
31932,Author_31932
779960,Author_779960
1135358,Author_1135358
1154230,Author_1154230
1135368,Author_1135368
28227,Author_28227
32688,Author_32688
189856,Author_189856
27510,Author_27510
27514,Author_27514
1154276,Author_1154276
27530,Author_27530
1152821,Author_1152821
28265,Author_28265
103430,Author_103430
27543,Author_27543
39126,Author_39126
28278,Author_28278
39131,Author_39131
10169,Author_10169
28287,Author_28287
1129518,Author_1129518
1272,Author_1272
194223,Author_194223
10177,Author_10177
18811,Author_18811
18812,Author_18812
73327,Author_73327
1117942,Author_1117942
15984,Author_15984
202522,Author_202522
1152858,Author_1152858
1152859,Author_1152859
10183,Author_10183
81350,Author_81350
259126,Author_259126
13024,Author_13024
1120170,Author_1120170
46452,Author_46452
26850,Author_26850
18832,Author_18832
18833,Author_18833
82098,Author_82098
103482,Author_103482
158614,Author_158614
46468,Author_46468
71904,Author_71904
80656,Author_80656
29708,Author_29708
1128839,Author_1128839
1128846,Author_1128846
12330,Author_12330
240321,Author_240321
1128853,Author_1128853
219976,Author_219976
38480,Author_38480
12350,Author_12350
1104191,Author_1104191
7022,Author_7022
63931,Author_63931
68224,Author_68224
1110768,Author_1110768
384428,Author_384428
1107041,Author_1107041
1114352,Author_1114352
1107062,Author_1107062
288,Author_288
1107067,Author_1107067
91581,Author_91581
39904,Author_39904
6334,Author_6334
123825,Author_123825
23258,Author_23258
66805,Author_66805
6346,Author_6346
55968,Author_55968
368431,Author_368431
179702,Author_179702
1140547,Author_1140547
1114388,Author_1114388
90888,Author_90888
510715,Author_510715
33412,Author_33412
188471,Author_188471
1152143,Author_1152143
1120962,Author_1120962
1125258,Author_1125258
648232,Author_648232
143476,Author_143476
1152150,Author_1152150
1117249,Author_1117249
25413,Author_25413
1152162,Author_1152162
241821,Author_241821
350362,Author_350362
1116530,Author_1116530
61069,Author_61069
1110000,Author_1110000
646809,Author_646809
1105698,Author_1105698
1152194,Author_1152194
198653,Author_198653
1116569,Author_1116569
77758,Author_77758
854434,Author_854434
1128151,Author_1128151
1123867,Author_1123867
191404,Author_191404
1116594,Author_1116594
126793,Author_126793
43639,Author_43639
44368,Author_44368
97390,Author_97390
87915,Author_87915
131117,Author_131117
8581,Author_8581
27606,Author_27606
1115886,Author_1115886
184157,Author_184157
8594,Author_8594
1152904,Author_1152904
1120211,Author_1120211
28350,Author_28350
1152910,Author_1152910
27627,Author_27627
649731,Author_649731
308920,Author_308920
289780,Author_289780
289781,Author_289781
19621,Author_19621
1129608,Author_1129608
1365,Author_1365
103543,Author_103543
28387,Author_28387
28389,Author_28389
43698,Author_43698
54550,Author_54550
1129621,Author_1129621
46536,Author_46536
1129629,Author_1129629
294126,Author_294126
568857,Author_568857
447224,Author_447224
38537,Author_38537
1152975,Author_1152975
34979,Author_34979
1104261,Author_1104261
139865,Author_139865
56709,Author_56709
1128945,Author_1128945
19697,Author_19697
107177,Author_107177
1131165,Author_1131165
1128959,Author_1128959
152219,Author_152219
184918,Author_184918
16008,Author_16008
1122425,Author_1122425
928873,Author_928873
206259,Author_206259
714748,Author_714748
1131189,Author_1131189
217115,Author_217115
560936,Author_560936
1131198,Author_1131198
1128985,Author_1128985
466170,Author_466170
429805,Author_429805
561674,Author_561674
654177,Author_654177
95225,Author_95225
37884,Author_37884
37888,Author_37888
1128997,Author_1128997
545647,Author_545647
42207,Author_42207
42209,Author_42209
82920,Author_82920
128202,Author_128202
128203,Author_128203
1134056,Author_1134056
1102873,Author_1102873
42221,Author_42221
1107171,Author_1107171
1133338,Author_1133338
67633,Author_67633
375825,Author_375825
48781,Author_48781
75674,Author_75674
289088,Author_289088
1152244,Author_1152244
13917,Author_13917
75695,Author_75695
34257,Author_34257
1117348,Author_1117348
574710,Author_574710
34263,Author_34263
1128204,Author_1128204
34266,Author_34266
1128208,Author_1128208
1116629,Author_1116629
110162,Author_110162
110163,Author_110163
110164,Author_110164
628751,Author_628751
708945,Author_708945
1123926,Author_1123926
1152277,Author_1152277
77826,Author_77826
77829,Author_77829
8617,Author_8617
242663,Author_242663
8619,Author_8619
628764,Author_628764
628766,Author_628766
1125393,Author_1125393
66986,Author_66986
646913,Author_646913
578309,Author_578309
18251,Author_18251
1152290,Author_1152290
954315,Author_954315
212107,Author_212107
578337,Author_578337
907845,Author_907845
1127530,Author_1127530
1128267,Author_1128267
28412,Author_28412
594387,Author_594387
1127541,Author_1127541
44455,Author_44455
45188,Author_45188
45189,Author_45189
62607,Author_62607
1127551,Author_1127551
1123991,Author_1123991
1127558,Author_1127558
105057,Author_105057
1128291,Author_1128291
1127566,Author_1127566
1154459,Author_1154459
218682,Author_218682
28447,Author_28447
1153736,Author_1153736
62634,Author_62634
211432,Author_211432
112378,Author_112378
1113035,Author_1113035
1118848,Author_1118848
137790,Author_137790
217984,Author_217984
949217,Author_949217
28473,Author_28473
1104300,Author_1104300
1105033,Author_1105033
11093,Author_11093
696342,Author_696342
696343,Author_696343
696346,Author_696346
28487,Author_28487
5038,Author_5038
195150,Author_195150
62676,Author_62676
13213,Author_13213
576973,Author_576973
35797,Author_35797
134128,Author_134128
166825,Author_166825
175576,Author_175576
509379,Author_509379
1113084,Author_1113084
53942,Author_53942
642621,Author_642621
1131236,Author_1131236
1112369,Author_1112369
446610,Author_446610
644093,Author_644093
411092,Author_411092
642641,Author_642641
408885,Author_408885
1131258,Author_1131258
1131267,Author_1131267
13269,Author_13269
1104379,Author_1104379
1114502,Author_1114502
1107215,Author_1107215
83725,Author_83725
84459,Author_84459
642681,Author_642681
445938,Author_445938
1103676,Author_1103676
1130568,Author_1130568
1153003,Author_1153003
51045,Author_51045
12576,Author_12576
144330,Author_144330
105865,Author_105865
51052,Author_51052
746058,Author_746058
1153014,Author_1153014
641976,Author_641976
561789,Author_561789
1130586,Author_1130586
368605,Author_368605
1133428,Author_1133428
1113828,Author_1113828
129042,Author_129042
129045,Author_129045
6539,Author_6539
1153031,Author_1153031
1122580,Author_1122580
1132706,Author_1132706
1152308,Author_1152308
105899,Author_105899
50354,Author_50354
1121867,Author_1121867
1113852,Author_1113852
1153056,Author_1153056
94641,Author_94641
1153065,Author_1153065
1133469,Author_1133469
35070,Author_35070
576257,Author_576257
368657,Author_368657
1129018,Author_1129018
263069,Author_263069
1129027,Author_1129027
1152358,Author_1152358
1125467,Author_1125467
1125469,Author_1125469
72101,Author_72101
40922,Author_40922
1153097,Author_1153097
1109439,Author_1109439
423463,Author_423463
128383,Author_128383
683360,Author_683360
1129040,Author_1129040
52515,Author_52515
41666,Author_41666
1128319,Author_1128319
1152379,Author_1152379
1136342,Author_1136342
1125492,Author_1125492
1108728,Author_1108728
265203,Author_265203
628888,Author_628888
1127619,Author_1127619
56112,Author_56112
56115,Author_56115
56119,Author_56119
89547,Author_89547
51831,Author_51831
91038,Author_91038
96847,Author_96847
521855,Author_521855
594483,Author_594483
1119623,Author_1119623
96851,Author_96851
1136397,Author_1136397
158172,Author_158172
1127657,Author_1127657
131315,Author_131315
131318,Author_131318
289945,Author_289945
62718,Author_62718
229635,Author_229635
56167,Author_56167
1119654,Author_1119654
51879,Author_51879
10435,Author_10435
137873,Author_137873
168332,Author_168332
330208,Author_330208
689152,Author_689152
1120444,Author_1120444
1153877,Author_1153877
111770,Author_111770
1153879,Author_1153879
108047,Author_108047
1131300,Author_1131300
362926,Author_362926
129896,Author_129896
129897,Author_129897
59045,Author_59045
1153889,Author_1153889
239810,Author_239810
20601,Author_20601
20602,Author_20602
416964,Author_416964
38722,Author_38722
72908,Author_72908
116081,Author_116081
1153897,Author_1153897
116084,Author_116084
116087,Author_116087
1113182,Author_1113182
1131330,Author_1131330
582139,Author_582139
561809,Author_561809
14062,Author_14062
1104449,Author_1104449
39474,Author_39474
27895,Author_27895
167670,Author_167670
1131345,Author_1131345
1131348,Author_1131348
14083,Author_14083
1103737,Author_1103737
65650,Author_65650
93273,Author_93273
65653,Author_65653
5194,Author_5194
14090,Author_14090
1131360,Author_1131360
1130634,Author_1130634
976284,Author_976284
1130637,Author_1130637
593022,Author_593022
1131374,Author_1131374
975567,Author_975567
133550,Author_133550
145134,Author_145134
1130653,Author_1130653
1130657,Author_1130657
1104495,Author_1104495
133566,Author_133566
133567,Author_133567
1122642,Author_1122642
1114629,Author_1114629
91852,Author_91852
91853,Author_91853
376704,Author_376704
1153101,Author_1153101
32276,Author_32276
1130678,Author_1130678
83847,Author_83847
8079,Author_8079
593068,Author_593068
285675,Author_285675
1130680,Author_1130680
1106630,Author_1106630
278394,Author_278394
285687,Author_285687
69284,Author_69284
6639,Author_6639
14807,Author_14807
152483,Author_152483
683404,Author_683404
593091,Author_593091
1117501,Author_1117501
99023,Author_99023
99025,Author_99025
513189,Author_513189
1152421,Author_1152421
1153150,Author_1153150
99030,Author_99030
1105932,Author_1105932
1153160,Author_1153160
1106671,Author_1106671
531348,Author_531348
577086,Author_577086
531351,Author_531351
25702,Author_25702
87482,Author_87482
135765,Author_135765
135766,Author_135766
1132864,Author_1132864
22886,Author_22886
1118286,Author_1118286
162664,Author_162664
1109542,Author_1109542
1116835,Author_1116835
1116839,Author_1116839
1103016,Author_1103016
1128425,Author_1128425
1116842,Author_1116842
1136446,Author_1136446
1136447,Author_1136447
27199,Author_27199
1125597,Author_1125597
1132887,Author_1132887
593813,Author_593813
594543,Author_594543
917493,Author_917493
1128430,Author_1128430
51909,Author_51909
1108834,Author_1108834
1128437,Author_1128437
989397,Author_989397
97645,Author_97645
8832,Author_8832
1103031,Author_1103031
346243,Author_346243
1119708,Author_1119708
36620,Author_36620
25772,Author_25772
640617,Author_640617
8865,Author_8865
950986,Author_950986
35905,Author_35905
8875,Author_8875
25791,Author_25791
100961,Author_100961
738941,Author_738941
64271,Author_64271
3084,Author_3084
3085,Author_3085
28649,Author_28649
3095,Author_3095
3097,Author_3097
1153943,Author_1153943
1121254,Author_1121254
74427,Author_74427
231249,Author_231249
1105221,Author_1105221
28674,Author_28674
1129907,Author_1129907
650807,Author_650807
348437,Author_348437
1688,Author_1688
33013,Author_33013
38829,Author_38829
307015,Author_307015
127033,Author_127033
310742,Author_310742
1694,Author_1694
650834,Author_650834
1131420,Author_1131420
193918,Author_193918
85324,Author_85324
642827,Author_642827
38845,Author_38845
193931,Author_193931
193932,Author_193932
4553,Author_4553
1116146,Author_1116146
85352,Author_85352
261040,Author_261040
145215,Author_145215
646412,Author_646412
1131464,Author_1131464
1131466,Author_1131466
574264,Author_574264
458439,Author_458439
57764,Author_57764
646440,Author_646440
1111899,Author_1111899
521252,Author_521252
1115471,Author_1115471
1123493,Author_1123493
601462,Author_601462
421481,Author_421481
385572,Author_385572
30934,Author_30934
84695,Author_84695
189566,Author_189566
69397,Author_69397
6741,Author_6741
177998,Author_177998
395725,Author_395725
61417,Author_61417
54129,Author_54129
1118347,Author_1118347
1106764,Author_1106764
102406,Author_102406
75972,Author_75972
95579,Author_95579
54132,Author_54132
27243,Author_27243
1153262,Author_1153262
1153264,Author_1153264
30973,Author_30973
1129208,Author_1129208
1106771,Author_1106771
27249,Author_27249
95586,Author_95586
95588,Author_95588
255233,Author_255233
6775,Author_6775
129287,Author_129287
27250,Author_27250
19231,Author_19231
1153275,Author_1153275
1132948,Author_1132948
1106789,Author_1106789
95597,Author_95597
6784,Author_6784
682815,Author_682815
1153280,Author_1153280
148170,Author_148170
263279,Author_263279
1116922,Author_1116922
1152564,Author_1152564
1118388,Author_1118388
851968,Author_851968
3101,Author_3101
1129243,Author_1129243
170798,Author_170798
3112,Author_3112
503877,Author_503877
17821,Author_17821
503883,Author_503883
561238,Author_561238
1110438,Author_1110438
575795,Author_575795
1116974,Author_1116974
272720,Author_272720
415693,Author_415693
18582,Author_18582
11325,Author_11325
11326,Author_11326
1103162,Author_1103162
1111186,Author_1111186
578645,Author_578645
578646,Author_578646
578649,Author_578649
1121313,Author_1121313
11335,Author_11335
1102442,Author_1102442
11339,Author_11339
52784,Author_52784
11342,Author_11342
1130080,Author_1130080
3191,Author_3191
3192,Author_3192
400455,Author_400455
1135899,Author_1135899
591017,Author_591017
751408,Author_751408
1140230,Author_1140230
1140231,Author_1140231
1106052,Author_1106052
70970,Author_70970
67245,Author_67245
67246,Author_67246
205196,Author_205196
135130,Author_135130
123556,Author_123556
645084,Author_645084
1786,Author_1786
66556,Author_66556
1130808,Author_1130808
4649,Author_4649
582343,Author_582343
395075,Author_395075
582349,Author_582349
20833,Author_20833
1131549,Author_1131549
58552,Author_58552
85449,Author_85449
49811,Author_49811
77438,Author_77438
4660,Author_4660
66594,Author_66594
66596,Author_66596
314459,Author_314459
1116268,Author_1116268
1103960,Author_1103960
49843,Author_49843
1103969,Author_1103969
593240,Author_593240
207395,Author_207395
593248,Author_593248
943087,Author_943087
7532,Author_7532
7537,Author_7537
25181,Author_25181
25184,Author_25184
16437,Author_16437
1103985,Author_1103985
6814,Author_6814
6818,Author_6818
1154042,Author_1154042
23738,Author_23738
1107558,Author_1107558
137359,Author_137359
16451,Author_16451
318071,Author_318071
232860,Author_232860
1107572,Author_1107572
49895,Author_49895
16474,Author_16474
1154076,Author_1154076
626999,Author_626999
137380,Author_137380
1119178,Author_1119178
33904,Author_33904
1119180,Author_1119180
33907,Author_33907
174418,Author_174418
70281,Author_70281
73119,Author_73119
9716,Author_9716
174425,Author_174425
416455,Author_416455
18615,Author_18615
127940,Author_127940
1152663,Author_1152663
675649,Author_675649
1117760,Author_1117760
1138091,Author_1138091
1152673,Author_1152673
321004,Author_321004
139547,Author_139547
45533,Author_45533
3217,Author_3217
1111240,Author_1111240
523574,Author_523574
1110515,Author_1110515
73162,Author_73162
52835,Author_52835
3220,Author_3220
3223,Author_3223
1129367,Author_1129367
1129368,Author_1129368
1129369,Author_1129369
84021,Author_84021
1127913,Author_1127913
3233,Author_3233
3235,Author_3235
3236,Author_3236
562067,Author_562067
3240,Author_3240
92065,Author_92065
213246,Author_213246
911198,Author_911198
12158,Author_12158
20178,Author_20178
20179,Author_20179
80491,Author_80491
561364,Author_561364
20180,Author_20180
245955,Author_245955
1102548,Author_1102548
1817,Author_1817
31043,Author_31043
1102550,Author_1102550
20193,Author_20193
1110579,Author_1110579
213279,Author_213279
1133010,Author_1133010
157761,Author_157761
31055,Author_31055
12194,Author_12194
1133028,Author_1133028
578780,Author_578780
12198,Author_12198
12199,Author_12199
90655,Author_90655
6130,Author_6130
337766,Author_337766
112787,Author_112787
1133047,Author_1133047
1105428,Author_1105428
785678,Author_785678
644441,Author_644441
672064,Author_672064
41216,Author_41216
1105433,Author_1105433
1113459,Author_1113459
55770,Author_55770
6163,Author_6163
259701,Author_259701
259702,Author_259702
1131607,Author_1131607
430329,Author_430329
643734,Author_643734
643735,Author_643735
656048,Author_656048
1131611,Author_1131611
617575,Author_617575
1105450,Author_1105450
15076,Author_15076
10793,Author_10793
1117049,Author_1117049
647315,Author_647315
33231,Author_33231
1116328,Author_1116328
1104749,Author_1104749
594025,Author_594025
315266,Author_315266
643777,Author_643777
1130927,Author_1130927
1132385,Author_1132385
1108329,Author_1108329
1130929,Author_1130929
1104769,Author_1104769
594047,Author_594047
1130931,Author_1130931
1130934,Author_1130934
141868,Author_141868
593329,Author_593329
144701,Author_144701
574462,Author_574462
60170,Author_60170
120039,Author_120039
502574,Author_502574
293974,Author_293974
1119216,Author_1119216
1108363,Author_1108363
191216,Author_191216
469504,Author_469504
358866,Author_358866
1116397,Author_1116397
191222,Author_191222
36145,Author_36145
1115677,Author_1115677
577331,Author_577331
31863,Author_31863
566488,Author_566488
358887,Author_358887
6935,Author_6935
6939,Author_6939
197783,Author_197783
34708,Author_34708
1107674,Author_1107674
248119,Author_248119
318187,Author_318187
1152714,Author_1152714
1154173,Author_1154173
300071,Author_300071
1120020,Author_1120020
423816,Author_423816
1106966,Author_1106966
148341,Author_148341
136766,Author_136766
325497,Author_325497
136767,Author_136767
136768,Author_136768
409255,Author_409255
1152740,Author_1152740
1117833,Author_1117833
309476,Author_309476
1120059,Author_1120059
80515,Author_80515
65212,Author_65212
15892,Author_15892
1120084,Author_1120084
576691,Author_576691
148399,Author_148399
175291,Author_175291
1112071,Author_1112071
117,Author_117
157805,Author_157805
300806,Author_300806
31105,Author_31105
154982,Author_154982
141160,Author_141160
112813,Author_112813
98693,Author_98693
98698,Author_98698
192734,Author_192734
12247,Author_12247
1109891,Author_1109891
141171,Author_141171
312409,Author_312409
608190,Author_608190
608191,Author_608191
55801,Author_55801
1136791,Author_1136791
815073,Author_815073
1114222,Author_1114222
173884,Author_173884
1102646,Author_1102646
63832,Author_63832
211906,Author_211906
83449,Author_83449
2654,Author_2654
815096,Author_815096
277263,Author_277263
1105505,Author_1105505
48550,Author_48550
83461,Author_83461
48555,Author_48555
6238,Author_6238
636500,Author_636500
340078,Author_340078
1113534,Author_1113534
578898,Author_578898
1951,Author_1951
1952,Author_1952
1956,Author_1956
636511,Author_636511
463825,Author_463825
1121569,Author_1121569
1105531,Author_1105531
14428,Author_14428
14429,Author_14429
74749,Author_74749
14430,Author_14430
14431,Author_14431
1132434,Author_1132434
648121,Author_648121
582511,Author_582511
688849,Author_688849
1997,Author_1997
1131728,Author_1131728
1106298,Author_1106298
86359,Author_86359
647413,Author_647413
1120880,Author_1120880
1131734,Author_1131734
562940,Author_562940
230879,Author_230879
1104851,Author_1104851
1152075,Author_1152075
58758,Author_58758
230884,Author_230884
34082,Author_34082
1132486,Author_1132486
39890,Author_39890
66782,Author_66782
218410,Author_218410
647447,Author_647447
1117184,Author_1117184
66794,Author_66794
227178,Author_227178
936,Author_936
940,Author_940
575292,Author_575292
941,Author_941
1109185,Author_1109185
85688,Author_85688
28202,Author_28202
50807,Author_50807
379288,Author_379288
1154229,Author_1154229
1109199,Author_1109199
118682,Author_118682
153598,Author_153598
1154251,Author_1154251
62417,Author_62417
1125909,Author_1125909
79809,Author_79809
739280,Author_739280
70441,Author_70441
70442,Author_70442
70444,Author_70444
79817,Author_79817
129558,Author_129558
892139,Author_892139
576725,Author_576725
28254,Author_28254
1246,Author_1246
237376,Author_237376
27531,Author_27531
397488,Author_397488
42847,Author_42847
42848,Author_42848
155736,Author_155736
155738,Author_155738
39124,Author_39124
39127,Author_39127
39130,Author_39130
1153577,Author_1153577
335733,Author_335733
28290,Author_28290
18815,Author_18815
1136814,Author_1136814
1120169,Author_1120169
82087,Author_82087
178209,Author_178209
139738,Author_139738
82090,Author_82090
18834,Author_18834
39165,Author_39165
190698,Author_190698
1125992,Author_1125992
1109957,Author_1109957
46470,Author_46470
46476,Author_46476
1129570,Author_1129570
1071981,Author_1071981
1129573,Author_1129573
39199,Author_39199
12337,Author_12337
29723,Author_29723
694759,Author_694759
46491,Author_46491
1128856,Author_1128856
1107010,Author_1107010
643199,Author_643199
1104182,Author_1104182
12347,Author_12347
63915,Author_63915
519353,Author_519353
608292,Author_608292
1121603,Author_1121603
1130356,Author_1130356
12359,Author_12359
192850,Author_192850
7032,Author_7032
1128881,Author_1128881
140569,Author_140569
1114331,Author_1114331
7041,Author_7041
561581,Author_561581
561582,Author_561582
192870,Author_192870
1113614,Author_1113614
1102761,Author_1102761
116528,Author_116528
561595,Author_561595
94416,Author_94416
5600,Author_5600
1000012,Author_1000012
1114364,Author_1114364
1121659,Author_1121659
66809,Author_66809
6343,Author_6343
212777,Author_212777
583318,Author_583318
709518,Author_709518
350319,Author_350319
116553,Author_116553
170338,Author_170338
179706,Author_179706
1112929,Author_1112929
656231,Author_656231
14531,Author_14531
1106370,Author_1106370
1109208,Author_1109208
1114398,Author_1114398
95188,Author_95188
510718,Author_510718
208345,Author_208345
6378,Author_6378
22563,Author_22563
10981,Author_10981
110041,Author_110041
14549,Author_14549
95198,Author_95198
6385,Author_6385
575331,Author_575331
568045,Author_568045
1136110,Author_1136110
1131828,Author_1131828
67584,Author_67584
243274,Author_243274
135464,Author_135464
1105672,Author_1105672
93755,Author_93755
756061,Author_756061
522338,Author_522338
219239,Author_219239
61073,Author_61073
262178,Author_262178
686015,Author_686015
1110024,Author_1110024
613409,Author_613409
686030,Author_686030
227286,Author_227286
45061,Author_45061
646836,Author_646836
1108551,Author_1108551
13885,Author_13885
1104999,Author_1104999
566653,Author_566653
1127430,Author_1127430
299197,Author_299197
1135455,Author_1135455
97377,Author_97377
592826,Author_592826
566664,Author_566664
633030,Author_633030
633031,Author_633031
686061,Author_686061
592830,Author_592830
573964,Author_573964
1155073,Author_1155073
17476,Author_17476
17477,Author_17477
190706,Author_190706
28336,Author_28336
573978,Author_573978
1107861,Author_1107861
17488,Author_17488
1128198,Author_1128198
1108597,Author_1108597
103515,Author_103515
27623,Author_27623
200480,Author_200480
103529,Author_103529
649730,Author_649730
39210,Author_39210
46501,Author_46501
27632,Author_27632
649739,Author_649739
1119471,Author_1119471
103531,Author_103531
470511,Author_470511
509233,Author_509233
236759,Author_236759
237489,Author_237489
1152944,Author_1152944
1118764,Author_1118764
643221,Author_643221
212097,Author_212097
608326,Author_608326
643239,Author_643239
1131116,Author_1131116
202639,Author_202639
141324,Author_141324
294145,Author_294145
1128927,Author_1128927
561610,Author_561610
561611,Author_561611
147870,Author_147870
248395,Author_248395
1128935,Author_1128935
241133,Author_241133
141342,Author_141342
141347,Author_141347
1128946,Author_1128946
1131164,Author_1131164
12439,Author_12439
1131167,Author_1131167
1129683,Author_1129683
359067,Author_359067
117315,Author_117315
117316,Author_117316
144212,Author_144212
1106401,Author_1106401
1134022,Author_1134022
13193,Author_13193
1131192,Author_1131192
1107136,Author_1107136
1131195,Author_1131195
1128982,Author_1128982
121792,Author_121792
653441,Author_653441
385251,Author_385251
1126011,Author_1126011
1134031,Author_1134031
642593,Author_642593
1115166,Author_1115166
737204,Author_737204
118079,Author_118079
1122460,Author_1122460
1114442,Author_1114442
589923,Author_589923
1121739,Author_1121739
626574,Author_626574
1126037,Author_1126037
645452,Author_645452
753264,Author_753264
1126044,Author_1126044
74920,Author_74920
74921,Author_74921
1105718,Author_1105718
48764,Author_48764
48768,Author_48768
1113742,Author_1113742
74937,Author_74937
575402,Author_575402
168958,Author_168958
78508,Author_78508
289085,Author_289085
78511,Author_78511
308232,Author_308232
682508,Author_682508
75691,Author_75691
75693,Author_75693
75694,Author_75694
155158,Author_155158
1105764,Author_1105764
1152259,Author_1152259
579008,Author_579008
1128201,Author_1128201
1133390,Author_1133390
1118083,Author_1118083
78549,Author_78549
604073,Author_604073
595056,Author_595056
1118092,Author_1118092
1125386,Author_1125386
78552,Author_78552
78555,Author_78555
78557,Author_78557
646900,Author_646900
595063,Author_595063
648369,Author_648369
1128227,Author_1128227
89416,Author_89416
578306,Author_578306
683294,Author_683294
440815,Author_440815
126867,Author_126867
126868,Author_126868
72056,Author_72056
1119505,Author_1119505
1128256,Author_1128256
1108656,Author_1108656
71336,Author_71336
1109392,Author_1109392
40886,Author_40886
1115959,Author_1115959
578347,Author_578347
284023,Author_284023
345340,Author_345340
621555,Author_621555
118873,Author_118873
8687,Author_8687
226698,Author_226698
578365,Author_578365
1135589,Author_1135589
8696,Author_8696
1118823,Author_1118823
411005,Author_411005
509315,Author_509315
171954,Author_171954
230300,Author_230300
1105011,Author_1105011
1121057,Author_1121057
592973,Author_592973
592975,Author_592975
48066,Author_48066
248431,Author_248431
1121063,Author_1121063
592986,Author_592986
48075,Author_48075
289885,Author_289885
592993,Author_592993
592996,Author_592996
28489,Author_28489
590022,Author_590022
111676,Author_111676
13205,Author_13205
13208,Author_13208
102938,Author_102938
102939,Author_102939
416867,Author_416867
72805,Author_72805
574009,Author_574009
294239,Author_294239
1131223,Author_1131223
77108,Author_77108
5064,Author_5064
5069,Author_5069
1131230,Author_1131230
40125,Author_40125
1123215,Author_1123215
20526,Author_20526
20528,Author_20528
77112,Author_77112
107251,Author_107251
107252,Author_107252
5075,Author_5075
126128,Author_126128
734406,Author_734406
40131,Author_40131
703953,Author_703953
40135,Author_40135
1131257,Author_1131257
1123239,Author_1123239
1129778,Author_1129778
662250,Author_662250
711994,Author_711994
273949,Author_273949
1131266,Author_1131266
1130539,Author_1130539
377303,Author_377303
179180,Author_179180
1129798,Author_1129798
1114512,Author_1114512
1110950,Author_1110950
12558,Author_12558
853114,Author_853114
853115,Author_853115
853116,Author_853116
853118,Author_853118
1114526,Author_1114526
212930,Author_212930
206371,Author_206371
105856,Author_105856
463,Author_463
20592,Author_20592
51049,Author_51049
20593,Author_20593
83746,Author_83746
124734,Author_124734
106590,Author_106590
1133417,Author_1133417
1125402,Author_1125402
1153024,Author_1153024
853155,Author_853155
1118120,Author_1118120
1105810,Author_1105810
1113831,Author_1113831
646289,Author_646289
1106546,Author_1106546
31479,Author_31479
31483,Author_31483
31489,Author_31489
94639,Author_94639
631015,Author_631015
645571,Author_645571
1106568,Author_1106568
430711,Author_430711
7296,Author_7296
1132731,Author_1132731
1153064,Author_1153064
93923,Author_93923
1134197,Author_1134197
87363,Author_87363
395540,Author_395540
395547,Author_395547
50381,Author_50381
1129015,Author_1129015
126909,Author_126909
143676,Author_143676
395553,Author_395553
752684,Author_752684
1129021,Author_1129021
19045,Author_19045
631052,Author_631052
126912,Author_126912
116790,Author_116790
5869,Author_5869
579108,Author_579108
683355,Author_683355
1105877,Author_1105877
59772,Author_59772
243483,Author_243483
126926,Author_126926
155277,Author_155277
1128314,Author_1128314
1105887,Author_1105887
1110209,Author_1110209
307656,Author_307656
199571,Author_199571
1152394,Author_1152394
60560,Author_60560
595193,Author_595193
990075,Author_990075
119686,Author_119686
1154520,Author_1154520
28504,Author_28504
1154524,Author_1154524
1154525,Author_1154525
1129096,Author_1129096
1128369,Author_1128369
96845,Author_96845
380341,Author_380341
8766,Author_8766
1110256,Author_1110256
55403,Author_55403
389715,Author_389715
1153816,Author_1153816
131317,Author_131317
260979,Author_260979
264556,Author_264556
35852,Author_35852
1119671,Author_1119671
1153853,Author_1153853
1112417,Author_1112417
1153860,Author_1153860
1153861,Author_1153861
35863,Author_35863
1121176,Author_1121176
1131301,Author_1131301
1131305,Author_1131305
1105148,Author_1105148
134219,Author_134219
671052,Author_671052
1131312,Author_1131312
156794,Author_156794
1153896,Author_1153896
1153899,Author_1153899
167656,Author_167656
239829,Author_239829
1104435,Author_1104435
187260,Author_187260
231198,Author_231198
1131334,Author_1131334
1131335,Author_1131335
142268,Author_142268
504,Author_504
506,Author_506
228990,Author_228990
228992,Author_228992
1132073,Author_1132073
654326,Author_654326
1116044,Author_1116044
1131359,Author_1131359
643485,Author_643485
654339,Author_654339
1107319,Author_1107319
132821,Author_132821
360028,Author_360028
214472,Author_214472
646334,Author_646334
653628,Author_653628
1107325,Author_1107325
166989,Author_166989
1111788,Author_1111788
151708,Author_151708
118259,Author_118259
32260,Author_32260
137130,Author_137130
92589,Author_92589
118260,Author_118260
124828,Author_124828
141596,Author_141596
197452,Author_197452
646357,Author_646357
1153106,Author_1153106
30817,Author_30817
642798,Author_642798
1130676,Author_1130676
1107355,Author_1107355
1118209,Author_1118209
987188,Author_987188
87417,Author_87417
23545,Author_23545
23546,Author_23546
1113926,Author_1113926
94713,Author_94713
1107367,Author_1107367
987197,Author_987197
521183,Author_521183
1114664,Author_1114664
69296,Author_69296
51180,Author_51180
43165,Author_43165
1132815,Author_1132815
1107385,Author_1107385
100197,Author_100197
520471,Author_520471
215912,Author_215912
61312,Author_61312
1129106,Author_1129106
43186,Author_43186
1129111,Author_1129111
41732,Author_41732
22869,Author_22869
9513,Author_9513
9515,Author_9515
119712,Author_119712
270456,Author_270456
5959,Author_5959
576362,Author_576362
1153183,Author_1153183
22874,Author_22874
22875,Author_22875
22876,Author_22876
1124837,Author_1124837
1132857,Author_1132857
594511,Author_594511
22883,Author_22883
238401,Author_238401
1136449,Author_1136449
714208,Author_714208
9559,Author_9559
135798,Author_135798
1152490,Author_1152490
1109566,Author_1109566
1103038,Author_1103038
177115,Author_177115
523394,Author_523394
1128453,Author_1128453
1109581,Author_1109581
101660,Author_101660
101662,Author_101662
9581,Author_9581
9586,Author_9586
1135750,Author_1135750
51934,Author_51934
762980,Author_762980
1153900,Author_1153900
593859,Author_593859
714256,Author_714256
8874,Author_8874
25794,Author_25794
75121,Author_75121
28632,Author_28632
1153922,Author_1153922
1119742,Author_1119742
63549,Author_63549
1138619,Author_1138619
1102364,Author_1102364
28640,Author_28640
28641,Author_28641
409725,Author_409725
292277,Author_292277
606479,Author_606479
1153942,Author_1153942
1153945,Author_1153945
1153946,Author_1153946
709113,Author_709113
194609,Author_194609
90470,Author_90470
820661,Author_820661
820662,Author_820662
1105231,Author_1105231
73712,Author_73712
54844,Author_54844
684972,Author_684972
134314,Author_134314
735303,Author_735303
824245,Author_824245
195361,Author_195361
529165,Author_529165
1131414,Author_1131414
617378,Author_617378
1120563,Author_1120563
47570,Author_47570
684986,Author_684986
735311,Author_735311
187354,Author_187354
1132157,Author_1132157
58436,Author_58436
278403,Author_278403
58453,Author_58453
58454,Author_58454
206524,Author_206524
593104,Author_593104
133628,Author_133628
46887,Author_46887
49720,Author_49720
1131471,Author_1131471
643597,Author_643597
1107418,Author_1107418
1129994,Author_1129994
573535,Author_573535
814836,Author_814836
1119004,Author_1119004
1134320,Author_1134320
1116181,Author_1116181
1108167,Author_1108167
1108169,Author_1108169
49753,Author_49753
57773,Author_57773
7430,Author_7430
521251,Author_521251
593155,Author_593155
642894,Author_642894
1126315,Author_1126315
1108175,Author_1108175
1059953,Author_1059953
521269,Author_521269
1118302,Author_1118302
1130780,Author_1130780
1134346,Author_1134346
1134348,Author_1134348
1135082,Author_1135082
899085,Author_899085
124952,Author_124952
240791,Author_240791
189571,Author_189571
189572,Author_189572
1126350,Author_1126350
189574,Author_189574
177993,Author_177993
27230,Author_27230
1119078,Author_1119078
128540,Author_128540
308529,Author_308529
54131,Author_54131
75983,Author_75983
15670,Author_15670
33818,Author_33818
95594,Author_95594
6782,Author_6782
33823,Author_33823
25805,Author_25805
1153287,Author_1153287
596075,Author_596075
817774,Author_817774
18532,Author_18532
18536,Author_18536
235670,Author_235670
235678,Author_235678
235679,Author_235679
739707,Author_739707
17811,Author_17811
503871,Author_503871
235683,Author_235683
1128531,Author_1128531
594649,Author_594649
1128536,Author_1128536
1102400,Author_1102400
593921,Author_593921
486840,Author_486840
1127810,Author_1127810
503893,Author_503893
399370,Author_399370
387795,Author_387795
220420,Author_220420
593942,Author_593942
8961,Author_8961
645016,Author_645016
481073,Author_481073
11337,Author_11337
578650,Author_578650
1130069,Author_1130069
1127851,Author_1127851
124224,Author_124224
37483,Author_37483
578669,Author_578669
1127863,Author_1127863
1135894,Author_1135894
645046,Author_645046
22229,Author_22229
149669,Author_149669
365294,Author_365294
169279,Author_169279
1138755,Author_1138755
323128,Author_323128
22241,Author_22241
156977,Author_156977
763010,Author_763010
1120650,Author_1120650
1105344,Author_1105344
59244,Author_59244
286500,Author_286500
567005,Author_567005
644361,Author_644361
644363,Author_644363
154023,Author_154023
286513,Author_286513
459206,Author_459206
671269,Author_671269
1105360,Author_1105360
1112650,Author_1112650
632796,Author_632796
47682,Author_47682
47683,Author_47683
47684,Author_47684
4637,Author_4637
642920,Author_642920
634902,Author_634902
459213,Author_459213
459214,Author_459214
634904,Author_634904
459216,Author_459216
20821,Author_20821
178718,Author_178718
1108209,Author_1108209
1112665,Author_1112665
1104647,Author_1104647
1140289,Author_1140289
66563,Author_66563
67292,Author_67292
66564,Author_66564
154047,Author_154047
642930,Author_642930
654519,Author_654519
178727,Author_178727
1135108,Author_1135108
593201,Author_593201
162075,Author_162075
593209,Author_593209
107569,Author_107569
1123530,Author_1123530
1135115,Author_1135115
1132285,Author_1132285
1131557,Author_1131557
162080,Author_162080
3932,Author_3932
593210,Author_593210
118424,Author_118424
1135122,Author_1135122
634938,Author_634938
1131565,Author_1131565
20857,Author_20857
118435,Author_118435
118436,Author_118436
643695,Author_643695
1130847,Author_1130847
1111978,Author_1111978
1154012,Author_1154012
1108258,Author_1108258
49844,Author_49844
49847,Author_49847
189620,Author_189620
189623,Author_189623
1108267,Author_1108267
1050679,Author_1050679
634975,Author_634975
1114838,Author_1114838
577227,Author_577227
28026,Author_28026
601561,Author_601561
24476,Author_24476
1026,Author_1026
95642,Author_95642
270600,Author_270600
145384,Author_145384
16461,Author_16461
35335,Author_35335
1138027,Author_1138027
1035,Author_1035
1114864,Author_1114864
1154068,Author_1154068
449841,Author_449841
1154071,Author_1154071
1106854,Author_1106854
210309,Author_210309
801170,Author_801170
251756,Author_251756
645870,Author_645870
144679,Author_144679
1138043,Author_1138043
86923,Author_86923
342802,Author_342802
1152633,Author_1152633
711527,Author_711527
684372,Author_684372
216878,Author_216878
62274,Author_62274
72406,Author_72406
101811,Author_101811
246618,Author_246618
1136631,Author_1136631
1152676,Author_1152676
235776,Author_235776
57119,Author_57119
119956,Author_119956
948147,Author_948147
739816,Author_739816
3222,Author_3222
1117786,Author_1117786
1110520,Author_1110520
36802,Author_36802
3232,Author_3232
3237,Author_3237
1111265,Author_1111265
695284,Author_695284
37541,Author_37541
1110546,Author_1110546
71736,Author_71736
1135955,Author_1135955
12155,Author_12155
258259,Author_258259
1114118,Author_1114118
606647,Author_606647
12165,Author_12165
1110563,Author_1110563
12169,Author_12169
1133004,Author_1133004
1133008,Author_1133008
1102567,Author_1102567
12195,Author_12195
28851,Author_28851
644427,Author_644427
1113438,Author_1113438
1121459,Author_1121459
689439,Author_689439
633585,Author_633585
31083,Author_31083
6152,Author_6152
1119987,Author_1119987
1114184,Author_1114184
82664,Author_82664
82666,Author_82666
672070,Author_672070
672071,Author_672071
632874,Author_632874
1114192,Author_1114192
644470,Author_644470
5462,Author_5462
594011,Author_594011
20924,Author_20924
1131634,Author_1131634
1120786,Author_1120786
1112767,Author_1112767
180301,Author_180301
160705,Author_160705
628458,Author_628458
628459,Author_628459
1130915,Author_1130915
1116336,Author_1116336
390889,Author_390889
57922,Author_57922
594039,Author_594039
13654,Author_13654
57932,Author_57932
73972,Author_73972
198443,Author_198443
60159,Author_60159
101143,Author_101143
101145,Author_101145
763181,Author_763181
44121,Author_44121
593328,Author_593328
259772,Author_259772
189708,Author_189708
60169,Author_60169
24530,Author_24530
467383,Author_467383
20972,Author_20972
13686,Author_13686
152731,Author_152731
118558,Author_118558
118559,Author_118559
1154123,Author_1154123
1154124,Author_1154124
1126503,Author_1126503
40583,Author_40583
95719,Author_95719
693143,Author_693143
36131,Author_36131
1123689,Author_1123689
6913,Author_6913
256106,Author_256106
36140,Author_36140
1115670,Author_1115670
1108389,Author_1108389
6923,Author_6923
6925,Author_6925
36162,Author_36162
62329,Author_62329
36167,Author_36167
6941,Author_6941
245288,Author_245288
62333,Author_62333
189774,Author_189774
1133846,Author_1133846
167205,Author_167205
62347,Author_62347
267003,Author_267003
1114992,Author_1114992
1112026,Author_1112026
1119295,Author_1119295
1111304,Author_1111304
964248,Author_964248
45603,Author_45603
1109830,Author_1109830
1152761,Author_1152761
62389,Author_62389
444191,Author_444191
263482,Author_263482
263486,Author_263486
263498,Author_263498
675756,Author_675756
1125895,Author_1125895
627024,Author_627024
12211,Author_12211
643069,Author_643069
1112075,Author_1112075
884094,Author_884094
120817,Author_120817
1110628,Author_1110628
18770,Author_18770
18773,Author_18773
173863,Author_173863
1130243,Author_1130243
1102625,Author_1102625
63812,Author_63812
18781,Author_18781
18785,Author_18785
1129494,Author_1129494
578845,Author_578845
68115,Author_68115
293271,Author_293271
63835,Author_63835
1919,Author_1919
164,Author_164
293285,Author_293285
12275,Author_12275
1103383,Author_1103383
1114239,Author_1114239
6215,Author_6215
288107,Author_288107
385067,Author_385067
1121537,Author_1121537
1103394,Author_1103394
6224,Author_6224
2663,Author_2663
104840,Author_104840
632935,Author_632935
1106236,Author_1106236
375605,Author_375605
1132406,Author_1132406
28964,Author_28964
308003,Author_308003
47839,Author_47839
753070,Author_753070
563613,Author_563613
1132416,Author_1132416
2695,Author_2695
2696,Author_2696
2698,Author_2698
1105530,Author_1105530
1113551,Author_1113551
688824,Author_688824
1138968,Author_1138968
1120858,Author_1120858
40605,Author_40605
1132443,Author_1132443
1999,Author_1999
33325,Author_33325
644577,Author_644577
66751,Author_66751
594119,Author_594119
1132461,Author_1132461
1115701,Author_1115701
1131741,Author_1131741
270085,Author_270085
1136040,Author_1136040
1131752,Author_1131752
1131754,Author_1131754
4878,Author_4878
1123756,Author_1123756
1135345,Author_1135345
1107728,Author_1107728
1154232,Author_1154232
1154233,Author_1154233
17363,Author_17363
1213,Author_1213
149139,Author_149139
28230,Author_28230
50838,Author_50838
1125906,Author_1125906
32698,Author_32698
754594,Author_754594
1133930,Author_1133930
1115790,Author_1115790
28249,Author_28249
1237,Author_1237
684531,Author_684531
238099,Author_238099
131042,Author_131042
444240,Author_444240
1112106,Author_1112106
27535,Author_27535
28267,Author_28267
1120138,Author_1120138
1117920,Author_1117920
1125944,Author_1125944
1118658,Author_1118658
263553,Author_263553
1125953,Author_1125953
114308,Author_114308
630817,Author_630817
687401,Author_687401
594900,Author_594900
10174,Author_10174
73323,Author_73323
46431,Author_46431
202520,Author_202520
15987,Author_15987
10186,Author_10186
294030,Author_294030
675847,Author_675847
190697,Author_190697
576795,Author_576795
1125993,Author_1125993
519318,Author_519318
1120197,Author_1120197
1152896,Author_1152896
1122304,Author_1122304
2702,Author_2702
1129572,Author_1129572
1112194,Author_1112194
29738,Author_29738
1128868,Author_1128868
633721,Author_633721
630890,Author_630890
1123068,Author_1123068
561568,Author_561568
733534,Author_733534
1102751,Author_1102751
1114336,Author_1114336
1123087,Author_1123087
6311,Author_6311
116512,Author_116512
6318,Author_6318
7047,Author_7047
1123093,Author_1123093
1103499,Author_1103499
151430,Author_151430
431206,Author_431206
372862,Author_372862
561593,Author_561593
1106330,Author_1106330
1105603,Author_1105603
1132505,Author_1132505
74821,Author_74821
6344,Author_6344
116545,Author_116545
733576,Author_733576
1112911,Author_1112911
1105622,Author_1105622
1102794,Author_1102794
262108,Author_262108
116552,Author_116552
41417,Author_41417
1140543,Author_1140543
14529,Author_14529
1117219,Author_1117219
1107095,Author_1107095
1140548,Author_1140548
523010,Author_523010
42156,Author_42156
262121,Author_262121
22564,Author_22564
14545,Author_14545
22566,Author_22566
1106388,Author_1106388
429781,Author_429781
335042,Author_335042
219218,Author_219218
610529,Author_610529
250566,Author_250566
1104946,Author_1104946
195792,Author_195792
1152179,Author_1152179
89308,Author_89308
350373,Author_350373
628667,Author_628667
628668,Author_628668
102061,Author_102061
430574,Author_430574
1107808,Author_1107808
1110028,Author_1110028
45052,Author_45052
89335,Author_89335
252715,Author_252715
4983,Author_4983
646837,Author_646837
1139009,Author_1139009
252725,Author_252725
593544,Author_593544
299195,Author_299195
593559,Author_593559
1108570,Author_1108570
272345,Author_272345
593560,Author_593560
70520,Author_70520
131122,Author_131122
8591,Author_8591
217852,Author_217852
264347,Author_264347
7867,Author_7867
27612,Author_27612
1152917,Author_1152917
28359,Author_28359
103528,Author_103528
46500,Author_46500
27631,Author_27631
289779,Author_289779
103537,Author_103537
633081,Author_633081
255628,Author_255628
397590,Author_397590
1129610,Author_1129610
50980,Author_50980
28385,Author_28385
427606,Author_427606
616336,Author_616336
1120252,Author_1120252
1152958,Author_1152958
1152959,Author_1152959
1385,Author_1385
254923,Author_254923
34961,Author_34961
46547,Author_46547
13136,Author_13136
1131137,Author_1131137
233106,Author_233106
561613,Author_561613
1131149,Author_1131149
1104258,Author_1104258
1152991,Author_1152991
447250,Author_447250
115188,Author_115188
102879,Author_102879
1131150,Author_1131150
56708,Author_56708
1128943,Author_1128943
134060,Author_134060
102884,Author_102884
1131163,Author_1131163
4274,Author_4274
1131172,Author_1131172
767763,Author_767763
152226,Author_152226
152227,Author_152227
626530,Author_626530
626531,Author_626531
1131180,Author_1131180
1130454,Author_1130454
1131184,Author_1131184
1128974,Author_1128974
1128975,Author_1128975
1128977,Author_1128977
1128978,Author_1128978
117328,Author_117328
24043,Author_24043
