author_id,paper_id
A141,31336
A462,31336
A248,31336
A128,1061127
A437,1106406
A412,13195
A390,13195
A169,13195
A481,37879
A457,37879
A275,1126012
A500,1107140
A232,1107140
A29,1107140
A100,1102850
A497,1102850
A48,31349
A17,31349
A153,1106418
A459,1106418
A40,1123188
A409,1123188
A153,1128990
A305,1128990
A358,1128990
A296,109323
A3,109323
A425,217139
A324,31353
A225,31353
A382,32083
A256,32083
A276,1126029
A431,1118017
A4,49482
A91,49482
A358,753265
A195,753265
A6,249858
A21,249858
A459,1113739
A3,48766
A278,48766
A49,646195
A326,646195
A339,646195
A399,1126050
A72,59626
A350,340299
A132,340299
A415,340299
A14,354004
A70,242637
A60,242637
A32,242637
A54,1106492
A38,74975
A368,74975
A478,74975
A228,1152272
A450,1152272
A153,1152272
A453,100701
A19,100701
A27,100701
A66,66982
A488,66982
A3,13960
A394,13966
A309,13966
A58,13966
A75,66990
A242,66990
A81,182093
A18,182094
A338,182094
A446,182094
A324,13972
A109,13982
A363,13982
A51,13982
A398,16819
A104,16819
A191,16819
A39,273152
A417,237521
A237,237521
A12,1153703
A424,1153703
A465,1153703
A124,32872
A127,32872
A263,284025
A443,284025
A162,218666
A284,218666
A198,16843
A71,16843
A403,16843
A34,1153724
A361,1153724
A315,1153724
A497,1153728
A480,1153728
A415,1153728
A435,158098
A306,158098
A287,158098
A253,8699
A310,8699
A232,8699
A23,1134865
A47,28456
A146,248425
A379,248425
A305,1112319
A26,1112319
A96,28471
A42,28471
A193,175548
A497,175548
A397,696345
A136,28485
A70,28485
A216,28485
A180,1139195
A372,35778
A150,35778
A150,28491
A88,28491
A199,28491
A51,310530
A358,1153784
A283,1153784
A275,1481
A80,1153786
A253,1153786
A59,13212
A349,13212
A253,13212
A204,1111614
A202,1111614
A340,5055
A142,5055
A399,5055
A441,4329
A335,4329
A478,4329
A202,330148
A39,330148
A393,330148
A287,1105062
A458,1105062
A67,4330
A454,4330
A305,4330
A144,5062
A191,5062
A489,5062
A457,4335
A221,158812
A220,40124
A286,40124
A58,1103610
A379,688361
A392,302545
A117,20534
A129,20534
A252,1031453
A490,1031453
A494,5086
A352,5086
A182,193742
A162,193742
A286,58268
A82,58268
A33,58268
A385,424
A408,40151
A2,636098
A338,260121
A173,260121
A28,950052
A293,950052
A206,950052
A425,434
A492,434
A150,1131270
A483,1131274
A345,1131274
A8,1131277
A214,1131277
A233,1110947
A231,1110947
A46,1110947
A461,662279
A313,1139928
A92,153063
A282,134199
A291,641956
A179,641956
A396,641956
A430,20584
A486,1130567
A462,1130567
A497,171225
A238,714879
A44,37998
A30,50336
A318,50336
A206,50336
A83,50337
A459,50337
A253,15429
A487,15429
A280,15429
A405,23448
A297,23448
A348,1122574
A165,1122574
A292,1110998
A49,1110998
A482,1110998
A362,853150
A500,15431
A297,646286
A477,646286
A267,1152307
A290,1152307
A455,1152307
A234,1115291
A325,1115291
A466,1106547
A381,1106547
A67,68463
A382,68463
A4,68463
A362,59715
A440,59715
A235,69198
A445,7272
A318,7272
A496,163235
A28,163235
A333,163235
A68,7276
A466,7276
A460,7276
A194,34315
A443,34315
A92,34315
A455,644843
A319,7297
A440,7297
A86,7297
A150,628815
A224,628815
A430,628815
A369,35061
A265,68495
A205,68495
A463,68495
A168,1136310
A478,1136310
A135,1136310
A190,18313
A8,34355
A73,45212
A305,45212
A390,1153091
A38,1153091
A306,1153091
A92,8703
A88,126920
A462,126927
A487,595157
A346,140005
A87,1117476
A43,59798
A46,59798
A89,59798
A79,219446
A327,219446
A494,44514
A225,287787
A298,157401
A3,157401
A255,1154500
A120,1154500
A103,682666
A323,682666
A230,682666
A188,399173
A302,399173
A399,399173
A403,198866
A321,198866
A160,51834
A342,51834
A422,51834
A167,200630
A90,200630
A147,782486
A381,782486
A262,1136393
A230,137849
A139,1153811
A75,1153811
A101,24966
A125,24966
A305,11148
A496,11148
A494,11148
A427,51866
A52,51866
A327,24974
A429,137868
A48,137868
A443,28542
A62,35
A467,116021
A99,348305
A461,10430
A214,10430
A230,39403
A329,39403
A34,40
A117,282700
A57,1105116
A47,1105116
A245,1105116
A191,35854
A22,63477
A189,63477
A376,63477
A466,124064
A214,1120431
A409,1120431
A185,949318
A37,949318
A494,949318
A152,649944
A270,649944
A422,649944
A288,63486
A481,63486
A303,63486
A84,1153866
A170,1140040
A59,1140040
A247,1112426
A425,1112426
A295,1112426
A221,239800
A337,239800
A38,239800
A303,1131314
A97,1153891
A319,1129835
A269,310653
A444,310653
A411,1130600
A163,1111733
A428,210871
A69,210872
A115,210872
A335,210872
A471,1132083
A48,1132083
A246,1132083
A283,132806
A18,12631
A320,12631
A218,12631
A356,12638
A425,12638
A206,38771
A210,232605
A394,232606
A185,232606
A467,1107312
A457,1107312
A215,1107312
A461,1114605
A279,1114605
A456,68505
A277,133553
A88,133553
A289,144408
A110,144408
A218,23502
A318,23502
A451,23502
A200,1108050
A281,23507
A301,23507
A299,23507
A392,83826
A375,83826
A102,83826
A333,133563
A203,133563
A90,133563
A195,85299
A377,85299
A397,49660
A451,593060
A222,341188
A47,341188
A42,714975
A195,714975
A159,1115375
A482,95435
A358,145176
A354,145176
A56,145176
A161,1113934
A290,1132809
A497,1132809
A220,1132809
A71,22835
A500,22835
A46,1153148
A178,1153148
A490,41714
A131,41714
A422,41714
A403,1118245
A107,1152436
A47,1152436
A10,1152436
A435,1153166
A113,1153169
A447,38000
A258,1152448
A268,1152448
A266,1152448
A31,1137140
A172,1137140
A328,30895
A90,30895
A21,5966
A489,5966
A213,5966
A34,1136422
A38,1136422
A378,27174
A282,27174
A286,1128407
A49,1128407
A323,1124844
A342,1153195
A8,1153195
A130,1113995
A422,1136442
A46,1136442
A169,1136442
A152,8821
A355,46079
A229,46079
A499,46079
A101,119761
A289,119761
A482,119761
A148,1111052
A208,1111052
A487,1111052
A149,315789
A427,315789
A256,1108841
A345,1108841
A403,1108841
A456,1135746
A422,1135746
A149,1135746
A333,100935
A238,100935
A333,100935
A35,353541
A156,60682
A446,253762
A443,253762
A318,253762
A489,8872
A208,714260
A232,137956
A433,137956
A87,137956
A263,35922
A19,35922
A274,2354
A286,2354
A182,2354
A406,168410
A178,168410
A467,168410
A47,346292
A163,1153933
A108,1153933
A279,1119751
A101,1119751
A171,1119751
A450,17798
A443,17798
A354,17798
A427,400356
A25,400356
A148,400356
A159,10531
A378,1110390
A384,714289
A422,733167
A176,733167
A214,81714
A366,81714
A160,81714
A403,428610
A161,428610
A83,428610
A159,552469
A397,552469
A220,552469
A389,164885
A189,81722
A459,111866
A214,111866
A172,111866
A459,194617
A389,93318
A409,93318
A401,93318
A256,134307
A44,134307
A206,203646
A70,367312
A91,367312
A246,650814
A221,93320
A190,134315
A115,134316
A318,134316
A76,976334
A22,1095507
A478,1095507
A350,1095507
A192,134320
A482,134320
A451,134320
A381,662416
A62,662416
A291,194645
A50,1131421
A111,1131421
A332,1131421
A417,161221
A216,38839
A207,38839
A134,38839
A219,38846
A352,38846
A138,133615
A197,1112574
A390,521207
A81,3828
A473,3828
A83,593105
A306,390693
A34,642847
A67,642847
A274,1122704
A288,1122704
A94,1122704
A380,4584
A402,4584
A188,7419
A360,30901
A194,1115456
A21,1115456
A212,7432
A247,7432
A366,573553
A35,573553
A143,573553
A10,1022969
A334,1022969
A185,1022969
A17,143801
A160,143801
A238,143801
A406,612306
A221,612306
A310,612306
A427,417017
A87,417017
A244,417017
A391,396412
A357,1107455
A165,1107455
A496,1107455
A328,91975
A66,180187
A247,27203
A209,27203
A146,27203
A334,1152508
A4,1152508
A109,1152508
A332,69392
A17,69392
A178,69392
A248,1118332
A307,1118332
A53,1118332
A254,189577
A83,1114777
A280,75969
A316,1132922
A180,1153254
A147,1117618
A262,1117618
A37,1117618
A15,6767
A10,6767
A263,27241
A210,27246
A426,95589
A344,6771
A26,86840
A458,86840
A314,108962
A203,108962
A131,108962
A82,6786
A133,108963
A244,108963
A363,108963
A37,108974
A360,108974
A449,1117653
A400,1117653
A27,1152569
A479,1152569
A312,1152569
A12,1132968
A324,1132968
A140,370366
A487,108983
A100,399339
A124,64319
A136,64319
A70,1110426
A28,1102407
A417,1102407
A118,1127812
A487,1127812
A426,1128542
A493,65057
A422,159084
A123,159085
A151,65074
A331,65074
A132,65074
A101,33895
A221,33895
A90,33895
A405,2440
A224,2440
A154,2440
A25,1717
A153,1717
A283,1717
A87,249421
A24,249421
A316,249421
A59,3187
A143,591016
A276,591016
A481,1110494
A284,29492
A133,29492
A416,29492
A396,400473
A437,400473
A84,400473
A456,644334
A180,644334
A432,644334
A225,949511
A244,205192
A246,763009
A312,169280
A246,169280
A350,1120643
A329,1120643
A173,1120643
A344,645088
A244,5348
A276,124296
A159,1121398
A301,1121398
A494,1121398
A404,950305
A64,567018
A306,567018
A48,52000
A444,52000
A212,52003
A266,52007
A244,52007
A431,58540
A163,58540
A368,58540
A236,436796
A466,436796
A7,948846
A426,8213
A328,8213
A441,671293
A1,671293
A493,671293
A9,1131550
A230,899119
A397,1105394
A246,85452
A100,85452
A196,85452
A282,1112686
A254,69418
A174,69418
A160,8224
A45,8224
A40,145315
A311,145315
A182,575077
A427,575077
A331,20850
A446,20850
A39,44017
A320,1135125
A57,1135125
A150,1135125
A66,286562
A121,1123553
A340,1123553
A14,1135137
A14,325314
A20,325314
A367,325314
A342,662572
A134,159897
A417,159897
A72,1130856
A394,96335
A19,96335
A80,96335
A187,755082
A385,755082
A480,1123576
A158,1103979
A358,593260
A387,593260
A180,593260
A493,601567
A353,601567
A97,1119140
A130,189655
A100,31769
A110,31769
A430,31769
A169,1107567
A284,1107567
A297,88356
A151,88356
A166,88356
A355,1033
A231,1034
A346,1034
A145,1034
A436,1106849
A226,1106849
A424,16470
A478,35343
A287,35343
A48,16471
A49,16471
A66,16471
A402,1154074
A266,1154074
A468,16476
A323,16476
A92,16476
A476,23774
A41,23774
A342,16485
A499,16485
A44,16485
A136,136665
A31,136665
A38,136665
A293,94953
A253,94953
A235,94953
A381,9708
A164,9708
A417,38205
A136,38205
A238,645897
A224,645897
A140,216877
A499,216877
A286,216877
A404,18619
A208,559804
A484,559804
A238,559804
A500,6898
A39,6898
A456,6898
A259,166420
A259,166420
A127,787016
A230,787016
A106,787016
A128,73146
A315,73146
A149,73146
A96,1136634
A456,1136634
A33,1136634
A17,1111230
A405,1111230
A262,3218
A91,3229
A351,3229
A398,193347
A191,193347
A395,84020
A262,3231
A254,3231
A409,52847
A245,52847
A461,52847
A9,193352
A168,193352
A158,193354
A330,193354
A61,193354
A133,1110531
A17,686532
A204,711598
A499,1063773
A253,1063773
A446,3243
A295,78994
A92,78994
A95,78994
A402,181782
A78,284414
A485,114189
A314,114189
A57,114189
A50,686559
A441,686559
A129,686559
A297,253971
A429,253971
A68,253971
A368,1106103
A328,1114125
A185,1114125
A396,1114125
A159,75318
A469,75318
A422,75318
A59,45599
A247,45599
A292,45599
A421,97892
A212,446271
A102,446271
A164,1106112
A10,1106112
A327,1106112
A35,280876
A231,280876
A279,280876
A131,12182
A212,175909
A337,64484
A43,64484
A70,6125
A475,6125
A294,1120713
A61,1120713
A182,1114153
A54,12197
A73,248823
A405,248823
A210,919885
A292,919885
A62,94229
A11,94229
A103,94229
A95,1120731
A86,1120731
A286,23069
A350,6151
A394,6151
A189,6151
A55,6155
A69,6155
A72,6155
A231,23070
A133,23070
A5,23070
A476,644448
A250,1112723
A60,31097
A260,31097
A62,31097
A464,6169
A266,6169
A160,6169
A290,1106172
A44,1106172
A300,6170
A224,6170
A227,211875
A101,211875
A20,211875
A288,1109017
A418,1109017
A341,1109017
A50,5454
A366,5454
A14,6184
A401,6184
A273,6184
A408,10796
A464,10798
A86,10798
A24,1120777
A290,1120777
A274,1120777
A130,86258
A216,86258
A374,154134
A451,154134
A178,6196
A337,20920
A294,20923
A339,22386
A197,22386
A340,1131639
A153,1131639
A463,1131639
A197,77515
A290,77515
A401,77515
A399,93555
A412,17201
A140,17201
A12,644494
A106,644494
A413,644494
A57,17208
A159,17208
A197,17208
A499,1125082
A82,1125082
A329,1125082
A177,1131647
A112,1131647
A114,74698
A469,74698
A33,13652
A239,13652
A282,20942
A490,20942
A493,390894
A453,390894
A264,390896
A306,390896
A386,1125092
A146,13656
A214,13656
A482,1116347
A201,1116347
A2,13658
A109,13658
A483,114966
A209,114966
A412,114966
A372,120013
A340,120013
A302,1117089
A112,1117089
A144,1117089
A184,57948
A383,57948
A233,57948
A290,334153
A324,334153
A141,160732
A487,160732
A45,1154103
A281,1154103
A202,12946
A441,1104787
A402,1104787
A445,17242
A449,17242
A258,321861
A442,321861
A278,189721
A4,1119211
A166,12960
A109,12960
A380,95718
A74,6910
A491,6910
A209,180373
A184,6917
A463,6917
A105,358884
A467,358884
A401,887
A275,887
A70,887
A48,180399
A221,180399
A384,358894
A345,1154169
A336,1154169
A149,1154169
A427,120084
A48,120084
A214,120084
A72,1120019
A494,1120019
A339,1120019
A490,1152711
A124,1154176
A287,1154176
A334,1154176
A247,424540
A420,424540
A489,424540
A236,1118546
A279,1118546
A393,1118546
A114,643003
A310,643003
A204,112099
A454,112099
A278,1104007
A430,1104007
A474,1120049
A92,1120049
A232,1120049
A445,175256
A298,175256
A246,175256
A35,45605
A156,45605
A228,15889
A88,15889
A48,15889
A30,35490
A440,35490
A26,221302
A486,221302
A71,221302
A62,562123
A53,562123
A13,1104031
A392,1104031
A340,1104031
A19,1129442
A417,1129442
A345,1129443
A492,1129443
A403,1129443
A121,1137466
A9,1137466
A264,328370
A490,328370
A299,328370
A452,1103315
A56,1103315
A11,1103315
A310,12210
A174,12210
A449,12210
A400,1104055
A228,64519
A130,64519
A5,114
A350,114
A322,114
A262,1109873
A24,128
A454,128
A359,128
A472,12238
A484,1112099
A209,1112099
A91,1112099
A23,18774
A484,18774
A158,18777
A459,18777
A433,18777
A434,130
A81,130
A331,23116
A472,23116
A239,23116
A256,948299
A269,948299
A47,6209
A107,6209
A475,197054
A309,197054
A209,6210
A278,6210
A2,6213
A172,6214
A19,6214
A291,6216
A35,6216
A88,6216
A420,6217
A393,2653
A25,2653
A118,2658
A161,2658
A150,753047
A206,753047
A129,188318
A187,74700
A212,67415
A125,67415
A333,6220
A196,6220
A270,6220
A380,2665
A456,28957
A32,28957
A312,143323
A459,340075
A206,340075
A140,340075
A159,1949
A201,1953
A13,1955
A339,1955
A463,1959
A357,1959
A449,1959
A174,390922
A8,22431
A96,22431
A217,22431
A436,1113541
A330,1113541
A90,1132418
A173,628500
A58,628500
A75,628500
A202,648106
A166,648106
A266,1104809
A81,1104809
A309,1104809
A101,4804
A404,648112
A348,648112
A393,33301
A240,33301
A63,33303
A235,267824
A305,1138970
A295,1138970
A377,13717
A118,13717
A422,1131719
A62,1120866
A98,1106287
A238,1106287
A274,755217
A289,755217
A217,647408
A63,1116410
A96,1116410
A412,1132459
A157,1132459
A358,1105574
A333,1105574
A406,1105574
A430,1133196
A6,1133196
A450,1133196
A465,307336
A33,307336
A191,307336
A1,906
A447,906
A102,906
A499,1131745
A308,1131748
A297,1131748
A149,910
A348,943
A411,943
A382,31927
A96,31927
A325,101261
A133,101263
A238,31932
A231,31932
A357,779960
A33,779960
A207,1135358
A122,1154230
A277,1154230
A128,1135368
A25,1135368
A398,28227
A93,28227
A420,32688
A279,32688
A302,189856
A60,189856
A454,189856
A344,27510
A352,27510
A156,27510
A179,27514
A163,1154276
A153,1154276
A408,1154276
A93,27530
A79,1152821
A92,28265
A474,28265
A235,28265
A88,103430
A170,103430
A385,27543
A478,39126
A487,28278
A333,28278
A248,39131
A129,39131
A409,39131
A421,10169
A138,10169
A78,10169
A95,28287
A151,28287
A257,1129518
A26,1129518
A204,1129518
A346,1272
A95,194223
A220,194223
A132,10177
A165,10177
A278,10177
A224,18811
A161,18811
A451,18811
A110,18812
A149,18812
A314,73327
A302,73327
A312,73327
A193,1117942
A400,1117942
A103,15984
A384,202522
A439,202522
A456,1152858
A163,1152858
A387,1152859
A296,1152859
A265,1152859
A105,10183
A114,10183
A237,81350
A407,81350
A204,259126
A304,259126
A197,13024
A73,1120170
A310,1120170
A214,46452
A365,46452
A154,26850
A335,26850
A404,26850
A38,18832
A315,18832
A55,18832
A218,18833
A435,82098
A49,103482
A59,103482
A207,158614
A191,158614
A144,46468
A472,46468
A392,71904
A78,71904
A145,71904
A280,80656
A102,29708
A173,29708
A189,1128839
A428,1128839
A122,1128839
A452,1128846
A101,12330
A175,12330
A320,240321
A147,240321
A488,240321
A7,1128853
A185,1128853
A406,1128853
A36,219976
A420,219976
A32,38480
A224,38480
A309,12350
A231,1104191
A21,1104191
A258,7022
A189,7022
A140,7022
A136,63931
A484,68224
A235,68224
A126,68224
A65,1110768
A425,1110768
A21,384428
A462,1107041
A330,1107041
A344,1107041
A95,1114352
A446,1114352
A498,1114352
A94,1107062
A300,1107062
A95,288
A108,1107067
A112,1107067
A25,91581
A37,39904
A210,39904
A145,39904
A140,6334
A105,123825
A37,123825
A137,123825
A154,23258
A435,23258
A466,23258
A136,66805
A323,66805
A239,66805
A362,6346
A385,55968
A305,55968
A154,55968
A52,368431
A171,368431
A455,179702
A341,179702
A162,179702
A120,1140547
A350,1140547
A317,1140547
A210,1114388
A174,90888
A159,510715
A63,33412
A257,188471
A336,188471
A51,1152143
A109,1152143
A194,1120962
A316,1120962
A178,1120962
A139,1125258
A254,1125258
A6,1125258
A242,648232
A174,648232
A443,143476
A9,1152150
A286,1117249
A40,25413
A327,1152162
A439,1152162
A297,1152162
A315,241821
A157,241821
A2,350362
A25,350362
A345,1116530
A430,61069
A358,61069
A61,61069
A171,1110000
A140,1110000
A362,646809
A458,646809
A58,1105698
A82,1152194
A46,1152194
A452,198653
A479,198653
A349,198653
A440,1116569
A304,77758
A136,77758
A141,854434
A388,854434
A362,1128151
A366,1128151
A182,1123867
A368,1123867
A153,1123867
A390,191404
A148,191404
A402,1116594
A176,1116594
A457,126793
A160,126793
A202,43639
A87,43639
A236,44368
A50,97390
A332,97390
A135,97390
A174,87915
A124,87915
A324,87915
A260,131117
A37,8581
A274,27606
A412,27606
A26,1115886
A67,184157
A440,184157
A401,8594
A320,1152904
A318,1152904
A336,1120211
A278,1120211
A398,28350
A488,28350
A269,28350
A403,1152910
A277,1152910
A471,27627
A48,27627
A170,649731
A51,649731
A142,308920
A179,308920
A178,308920
A371,289780
A384,289781
A67,289781
A45,289781
A353,19621
A264,19621
A492,19621
A477,1129608
A425,1365
A389,103543
A281,103543
A52,28387
A408,28389
A482,28389
A353,28389
A193,43698
A388,43698
A35,43698
A41,54550
A382,54550
A340,54550
A486,1129621
A361,1129621
A438,46536
A77,46536
A231,46536
A43,1129629
A490,1129629
A297,1129629
A458,294126
A61,294126
A222,294126
A413,568857
A26,447224
A179,447224
A58,38537
A300,38537
A159,1152975
A472,1152975
A338,1152975
A311,34979
A187,34979
A425,34979
A387,1104261
A6,139865
A98,139865
A230,139865
A215,56709
A252,56709
A161,1128945
A166,19697
A251,107177
A151,107177
A314,107177
A436,1131165
A364,1131165
A338,1128959
A390,1128959
A347,152219
A105,184918
A492,184918
A313,184918
A69,16008
A39,1122425
A192,1122425
A78,928873
A285,928873
A299,206259
A22,206259
A365,714748
A64,1131189
A133,1131189
A78,1131189
A99,217115
A329,217115
A96,217115
A296,560936
A499,560936
A17,1131198
A86,1128985
A261,1128985
A15,1128985
A87,466170
A401,466170
A69,429805
A276,429805
A39,561674
A210,654177
A45,654177
A325,654177
A367,95225
A258,95225
A125,37884
A353,37888
A124,1128997
A196,1128997
A396,545647
A319,545647
A1,42207
A90,42207
A194,42209
A163,42209
A490,82920
A149,82920
A343,128202
A436,128202
A250,128202
A299,128203
A216,1134056
A337,1102873
A257,42221
A408,42221
A204,1107171
A116,1107171
A13,1133338
A252,1133338
A344,1133338
A330,67633
A67,67633
A78,67633
A11,375825
A142,48781
A278,48781
A347,48781
A482,75674
A396,289088
A412,289088
A29,1152244
A277,1152244
A301,13917
A283,75695
A429,75695
A401,75695
A103,34257
A334,34257
A276,34257
A311,1117348
A413,1117348
A255,1117348
A461,574710
A200,574710
A232,34263
A410,34263
A475,34263
A77,1128204
A21,1128204
A431,1128204
A417,34266
A397,34266
A137,34266
A366,1128208
A456,1128208
A315,1116629
A282,1116629
A154,1116629
A101,110162
A322,110162
A370,110162
A356,110163
A300,110164
A322,628751
A328,628751
A160,708945
A90,1123926
A43,1123926
A402,1152277
A182,77826
A450,77826
A370,77826
A301,77829
A435,77829
A104,77829
A71,8617
A406,8617
A362,242663
A173,8619
A201,8619
A162,628764
A12,628766
A425,1125393
A57,1125393
A280,1125393
A439,66986
A234,66986
A62,66986
A457,646913
A486,646913
A25,578309
A2,18251
A421,18251
A69,18251
A435,1152290
A40,1152290
A212,1152290
A410,954315
A272,954315
A32,212107
A47,212107
A202,578337
A304,907845
A338,1127530
A163,1128267
A190,28412
A424,28412
A66,28412
A450,594387
A304,594387
A245,1127541
A83,44455
A377,45188
A249,45188
A151,45189
A80,45189
A427,45189
A115,62607
A227,62607
A439,1127551
A124,1123991
A253,1123991
A42,1127558
A276,1127558
A262,105057
A499,1128291
A102,1128291
A412,1128291
A297,1127566
A64,1154459
A291,1154459
A297,218682
A399,218682
A181,28447
A141,28447
A337,28447
A268,1153736
A128,1153736
A365,1153736
A315,62634
A99,62634
A231,211432
A226,211432
A460,211432
A320,112378
A170,112378
A75,112378
A150,1113035
A415,1113035
A246,1118848
A490,1118848
A57,137790
A84,137790
A352,137790
A338,217984
A415,217984
A467,949217
A390,949217
A59,949217
A176,28473
A271,28473
A77,1104300
A467,1105033
A85,1105033
A459,11093
A245,696342
A334,696342
A189,696343
A254,696346
A174,696346
A476,28487
A107,28487
A213,5038
A277,195150
A338,195150
A138,195150
A471,62676
A18,62676
A264,62676
A447,13213
A89,13213
A166,576973
A301,576973
A338,35797
A459,35797
A90,35797
A408,134128
A458,134128
A32,166825
A320,175576
A390,509379
A34,1113084
A215,53942
A46,53942
A174,53942
A75,642621
A100,1131236
A105,1112369
A379,1112369
A407,1112369
A146,446610
A475,446610
A63,644093
A400,411092
A300,411092
A144,411092
A79,642641
A487,642641
A52,642641
A216,408885
A41,408885
A485,408885
A426,1131258
A196,1131258
A195,1131258
A410,1131267
A380,1131267
A500,13269
A291,1104379
A40,1114502
A465,1107215
A222,1107215
A133,83725
A432,83725
A428,83725
A364,84459
A298,84459
A468,642681
A144,642681
A389,445938
A396,445938
A380,445938
A203,1103676
A173,1103676
A228,1130568
A42,1153003
A231,1153003
A349,1153003
A319,51045
A69,12576
A163,144330
A256,144330
A463,105865
A28,51052
A123,51052
A500,746058
A341,746058
A12,746058
A96,1153014
A148,1153014
A472,641976
A471,641976
A351,641976
A29,561789
A379,561789
A255,1130586
A73,1130586
A476,368605
A157,368605
A57,368605
A429,1133428
A79,1133428
A117,1113828
A452,1113828
A62,1113828
A182,129042
A260,129045
A473,6539
A308,1153031
A423,1153031
A478,1153031
A477,1122580
A101,1132706
A157,1132706
A370,1152308
A104,1152308
A98,105899
A450,50354
A348,50354
A133,50354
A490,1121867
A411,1113852
A478,1153056
A384,1153056
A50,94641
A240,1153065
A106,1153065
A435,1133469
A269,35070
A109,35070
A172,35070
A437,576257
A226,576257
A155,576257
A280,368657
A379,368657
A23,1129018
A247,1129018
A491,1129018
A449,263069
A464,263069
A363,263069
A459,1129027
A263,1152358
A405,1152358
A71,1125467
A8,1125469
A212,72101
A157,72101
A58,40922
A354,40922
A419,1153097
A455,1153097
A216,1153097
A367,1109439
A42,423463
A311,423463
A493,423463
A93,128383
A263,128383
A314,128383
A190,683360
A353,1129040
A212,52515
A466,41666
A449,1128319
A325,1128319
A301,1128319
A147,1152379
A40,1152379
A18,1152379
A62,1136342
A171,1125492
A386,1108728
A427,1108728
A349,1108728
A212,265203
A393,628888
A87,628888
A217,1127619
A146,56112
A147,56112
A211,56112
A35,56115
A82,56119
A298,89547
A417,89547
A269,51831
A18,51831
A162,91038
A82,96847
A303,521855
A191,594483
A115,1119623
A293,1119623
A40,1119623
A222,96851
A397,96851
A53,96851
A7,1136397
A5,1136397
A389,1136397
A424,158172
A365,1127657
A473,1127657
A419,1127657
A6,131315
A226,131318
A182,289945
A18,62718
A238,62718
A140,62718
A463,229635
A164,56167
A127,56167
A43,1119654
A489,51879
A364,51879
A149,51879
A29,10435
A464,137873
A143,137873
A162,137873
A171,168332
A119,330208
A317,330208
A115,330208
A128,689152
A34,1120444
A214,1153877
A247,1153877
A222,111770
A423,111770
A271,111770
A212,1153879
A65,1153879
A123,108047
A139,1131300
A338,1131300
A16,1131300
A314,362926
A226,362926
A281,362926
A163,129896
A98,129896
A222,129896
A115,129897
A177,129897
A77,59045
A481,59045
A347,59045
A60,1153889
A113,239810
A190,239810
A365,20601
A21,20601
A275,20601
A59,20602
A22,416964
A326,416964
A256,38722
A482,72908
A99,72908
A114,72908
A268,116081
A120,1153897
A262,116084
A306,116084
A349,116084
A351,116087
A321,116087
A109,1113182
A197,1113182
A425,1131330
A338,1131330
A202,582139
A54,561809
A174,561809
A269,14062
A45,14062
A157,1104449
A149,1104449
A351,39474
A468,39474
A142,27895
A109,27895
A311,27895
A495,167670
A397,1131345
A167,1131345
A236,1131348
A42,1131348
A41,1131348
A361,14083
A401,14083
A255,1103737
A458,1103737
A453,65650
A474,65650
A116,65650
A142,93273
A242,65653
A185,65653
A170,5194
A56,5194
A147,14090
A331,14090
A369,14090
A226,1131360
A116,1131360
A255,1130634
A254,976284
A161,976284
A282,976284
A420,1130637
A236,1130637
A102,593022
A364,593022
A312,1131374
A149,1131374
A255,975567
A296,975567
A125,133550
A301,145134
A125,145134
A411,1130653
A404,1130653
A132,1130653
A484,1130657
A180,1130657
A187,1104495
A247,1104495
A311,133566
A189,133567
A203,1122642
A449,1122642
A146,1122642
A488,1114629
A117,91852
A33,91853
A126,91853
A11,91853
A349,376704
A60,376704
A198,376704
A164,1153101
A58,1153101
A478,1153101
A138,32276
A363,1130678
A196,83847
A393,83847
A465,83847
A114,8079
A162,593068
A416,285675
A260,285675
A88,285675
A299,1130680
A290,1106630
A451,1106630
A252,1106630
A359,278394
A143,278394
A458,278394
A252,285687
A91,69284
A125,6639
A320,6639
A266,14807
A258,14807
A463,152483
A16,152483
A387,152483
A233,683404
A364,683404
A343,683404
A209,593091
A492,1117501
A389,1117501
A479,99023
A118,99023
A387,99023
A83,99025
A268,513189
A209,1152421
A163,1152421
A301,1153150
A115,99030
A408,99030
A2,99030
A442,1105932
A195,1105932
A179,1153160
A401,1153160
A4,1106671
A333,1106671
A16,1106671
A500,531348
A107,531348
A465,531348
A314,577086
A56,577086
A261,531351
A97,25702
A457,25702
A20,87482
A387,135765
A83,135765
A398,135766
A465,1132864
A251,1132864
A73,1132864
A286,22886
A21,22886
A437,1118286
A444,1118286
A22,162664
A382,162664
A317,162664
A83,1109542
A70,1116835
A337,1116839
A100,1116839
A279,1103016
A249,1103016
A189,1128425
A270,1128425
A49,1116842
A486,1116842
A75,1116842
A325,1136446
A391,1136446
A495,1136447
A195,1136447
A457,27199
A374,27199
A465,1125597
A61,1132887
A214,1132887
A142,593813
A182,593813
A484,594543
A401,917493
A309,917493
A345,917493
A462,1128430
A446,1128430
A149,51909
A226,51909
A171,1108834
A137,1108834
A242,1108834
A437,1128437
A261,1128437
A139,989397
A285,97645
A487,97645
A363,97645
A90,8832
A151,8832
A30,1103031
A490,1103031
A456,346243
A309,1119708
A420,1119708
A111,36620
A294,36620
A156,25772
A109,25772
A371,640617
A397,640617
A499,8865
A313,950986
A356,950986
A236,35905
A188,8875
A123,8875
A81,8875
A1,25791
A111,25791
A447,25791
A479,100961
A25,100961
A210,738941
A379,64271
A55,3084
A442,3084
A395,3084
A23,3085
A26,3085
A285,3085
A143,28649
A195,28649
A350,28649
A70,3095
A234,3095
A292,3097
A245,3097
A251,3097
A56,1153943
A448,1121254
A80,74427
A366,74427
A123,231249
A113,231249
A297,231249
A129,1105221
A60,1105221
A500,1105221
A262,28674
A484,28674
A191,1129907
A110,1129907
A269,650807
A318,650807
A305,348437
A423,1688
A296,33013
A88,33013
A446,33013
A100,38829
A186,38829
A316,38829
A218,307015
A18,307015
A15,127033
A30,127033
A24,127033
A480,310742
A379,310742
A342,310742
A309,1694
A375,650834
A366,1131420
A64,193918
A225,193918
A225,193918
A301,85324
A477,642827
A489,38845
A268,38845
A371,193931
A345,193931
A313,193932
A46,193932
A488,193932
A237,4553
A489,4553
A28,4553
A334,1116146
A482,85352
A334,85352
A10,85352
A215,261040
A107,261040
A314,145215
A450,646412
A443,646412
A371,1131464
A489,1131464
A423,1131464
A35,1131466
A455,1131466
A449,574264
A331,574264
A35,458439
A16,458439
A70,57764
A184,57764
A305,57764
A444,646440
A32,646440
A112,1111899
A373,1111899
A244,1111899
A372,521252
A43,1115471
A459,1115471
A470,1123493
A64,601462
A83,601462
A465,601462
A101,421481
A376,421481
A383,385572
A101,385572
A287,385572
A447,30934
A218,30934
A238,30934
A438,84695
A64,84695
A63,84695
A8,189566
A80,69397
A136,69397
A212,69397
A2,6741
A257,177998
A137,395725
A392,395725
A141,395725
A8,61417
A377,61417
A312,54129
A104,54129
A446,1118347
A10,1118347
A61,1106764
A158,1106764
A59,102406
A437,102406
A249,75972
A472,75972
A304,95579
A183,95579
A215,54132
A169,54132
A469,27243
A496,1153262
A299,1153262
A210,1153262
A191,1153264
A207,1153264
A136,1153264
A8,30973
A233,1129208
A234,1129208
A483,1106771
A412,1106771
A500,27249
A62,27249
A140,27249
A121,95586
A422,95586
A385,95586
A323,95588
A261,95588
A47,255233
A290,255233
A136,255233
A483,6775
A124,6775
A359,6775
A416,129287
A260,27250
A164,27250
A310,19231
A113,19231
A370,1153275
A25,1153275
A368,1153275
A292,1132948
A143,1106789
A406,1106789
A311,95597
A443,6784
A261,682815
A103,1153280
A170,1153280
A163,1153280
A201,148170
A392,148170
A85,148170
A497,263279
A177,263279
A76,1116922
A315,1116922
A411,1116922
A89,1152564
A121,1152564
A104,1118388
A65,1118388
A148,1118388
A6,851968
A326,851968
A304,3101
A462,3101
A66,3101
A314,1129243
A174,170798
A137,170798
A348,170798
A288,3112
A243,3112
A254,3112
A244,503877
A436,17821
A306,17821
A105,503883
A265,503883
A338,503883
A195,561238
A144,561238
A346,561238
A182,1110438
A113,1110438
A130,1110438
A200,575795
A58,1116974
A149,272720
A54,272720
A137,272720
A348,415693
A245,18582
A485,18582
A371,18582
A210,11325
A49,11326
A192,11326
A5,11326
A477,1103162
A95,1111186
A371,578645
A314,578646
A424,578646
A82,578649
A485,1121313
A68,1121313
A2,11335
A206,11335
A392,11335
A84,1102442
A141,11339
A168,11339
A416,52784
A93,11342
A339,1130080
A45,1130080
A59,3191
A460,3192
A35,3192
A168,400455
A226,1135899
A99,591017
A132,591017
A430,751408
A289,751408
A210,751408
A37,1140230
A484,1140230
A98,1140231
A57,1140231
A291,1106052
A128,1106052
A14,70970
A16,70970
A208,67245
A414,67245
A283,67245
A207,67246
A36,205196
A227,205196
A81,135130
A73,135130
A328,123556
A23,123556
A14,123556
A330,645084
A240,645084
A49,645084
A276,1786
A496,66556
A312,66556
A83,66556
A216,1130808
A6,1130808
A98,1130808
A490,4649
A3,4649
A272,4649
A476,582343
A315,582343
A381,582343
A353,395075
A490,395075
A162,395075
A48,582349
A416,582349
A402,20833
A286,20833
A433,1131549
A434,58552
A198,85449
A424,85449
A98,85449
A162,49811
A280,49811
A136,49811
A416,77438
A249,77438
A213,4660
A420,66594
A78,66596
A206,66596
A362,66596
A184,314459
A16,314459
A446,314459
A241,1116268
A248,1116268
A101,1116268
A256,1103960
A491,1103960
A475,1103960
A349,49843
A488,1103969
A188,1103969
A439,593240
A88,593240
A44,207395
A244,207395
A33,593248
A302,593248
A35,593248
A153,943087
A340,943087
A224,7532
A389,7537
A290,7537
A354,25181
A265,25181
A497,25184
A366,25184
A486,16437
A33,1103985
A224,1103985
A77,6814
A262,6814
A300,6814
A243,6818
A314,6818
A155,1154042
A247,1154042
A482,1154042
A160,23738
A58,23738
A41,1107558
A411,137359
A365,16451
A20,16451
A342,16451
A480,318071
A71,232860
A260,232860
A63,1107572
A193,1107572
A83,49895
A495,49895
A367,16474
A228,16474
A412,16474
A474,1154076
A286,626999
A142,626999
A369,626999
A487,137380
A338,137380
A197,1119178
A249,33904
A139,33904
A95,33904
A430,1119180
A389,1119180
A141,1119180
A112,33907
A482,33907
A394,174418
A441,70281
A152,73119
A172,73119
A3,73119
A389,9716
A377,174425
A103,174425
A337,416455
A454,416455
A51,416455
A138,18615
A76,18615
A485,127940
A180,1152663
A466,675649
A489,1117760
A416,1117760
A39,1138091
A174,1152673
A330,1152673
A42,321004
A269,321004
A265,139547
A108,139547
A26,45533
A364,45533
A311,45533
A2,3217
A43,1111240
A35,1111240
A264,1111240
A264,523574
A389,523574
A136,1110515
A498,73162
A201,73162
A138,73162
A401,52835
A423,52835
A357,52835
A319,3220
A232,3223
A286,3223
A124,1129367
A184,1129368
A294,1129368
A17,1129369
A296,1129369
A362,1129369
A247,84021
A123,84021
A342,1127913
A312,3233
A56,3235
A177,3235
A183,3235
A324,3236
A239,3236
A432,562067
A390,562067
A68,3240
A93,3240
A2,92065
A334,213246
A380,213246
A358,213246
A356,911198
A73,12158
A144,20178
A99,20178
A398,20179
A179,20179
A140,80491
A68,80491
A105,561364
A149,20180
A23,20180
A183,20180
A159,245955
A439,245955
A332,245955
A30,1102548
A167,1102548
A176,1817
A427,1817
A173,31043
A311,31043
A100,1102550
A91,1102550
A444,1102550
A190,20193
A253,20193
A212,1110579
A54,1110579
A398,213279
A212,213279
A335,1133010
A410,157761
A8,157761
A402,31055
A488,12194
A306,12194
A335,1133028
A455,1133028
A244,578780
A214,578780
A372,578780
A434,12198
A410,12198
A100,12199
A394,12199
A406,12199
A143,90655
A461,6130
A343,6130
A140,337766
A413,337766
A473,337766
A373,112787
A400,1133047
A228,1133047
A414,1133047
A369,1105428
A37,1105428
A48,1105428
A305,785678
A161,785678
A450,644441
A27,672064
A90,672064
A84,672064
A486,41216
A85,1105433
A184,1105433
A179,1105433
A57,1113459
A474,1113459
A17,55770
A34,55770
A83,6163
A243,6163
A272,259701
A450,259702
A9,1131607
A418,1131607
A248,1131607
A395,430329
A394,643734
A159,643734
A481,643735
A454,656048
A404,1131611
A277,1131611
A204,1131611
A227,617575
A380,1105450
A127,1105450
A182,1105450
A345,15076
A447,10793
A396,1117049
A80,1117049
A443,1117049
A351,647315
A243,647315
A52,33231
A338,33231
A309,33231
A456,1116328
A209,1104749
A242,1104749
A309,1104749
A116,594025
A380,594025
A174,315266
A400,643777
A151,643777
A220,1130927
A305,1130927
A151,1132385
A124,1132385
A367,1108329
A351,1108329
A296,1108329
A246,1130929
A183,1104769
A196,1104769
A332,1104769
A356,594047
A347,1130931
A462,1130934
A272,141868
A149,141868
A17,593329
A472,593329
A330,144701
A277,144701
A438,574462
A193,574462
A421,60170
A482,60170
A52,120039
A445,502574
A482,502574
A30,502574
A21,293974
A4,293974
A164,293974
A387,1119216
A330,1119216
A103,1119216
A101,1108363
A2,191216
A25,191216
A317,191216
A5,469504
A307,469504
A57,469504
A122,358866
A267,358866
A75,358866
A426,1116397
A78,191222
A149,36145
A294,1115677
A273,1115677
A70,1115677
A483,577331
A230,577331
A108,31863
A436,566488
A418,358887
A115,358887
A468,358887
A315,6935
A426,6935
A211,6935
A301,6939
A334,197783
A20,34708
A79,34708
A182,34708
A419,1107674
A488,1107674
A416,1107674
A71,248119
A333,248119
A316,248119
A331,318187
A495,318187
A236,1152714
A349,1154173
A170,1154173
A311,1154173
A425,300071
A25,300071
A56,300071
A415,1120020
A208,1120020
A58,423816
A471,423816
A45,423816
A144,1106966
A70,148341
A27,148341
A192,136766
A106,136766
A218,325497
A88,325497
A215,136767
A152,136767
A254,136768
A16,136768
A208,409255
A45,409255
A341,409255
A56,1152740
A176,1152740
A271,1117833
A305,309476
A301,1120059
A490,1120059
A145,1120059
A178,80515
A284,80515
A278,65212
A229,15892
A112,1120084
A168,576691
A414,576691
A207,576691
A417,148399
A421,148399
A180,148399
A231,175291
A276,175291
A69,175291
A196,1112071
A286,1112071
A281,117
A160,117
A135,117
A360,157805
A202,300806
A443,31105
A407,31105
A467,154982
A371,141160
A265,141160
A364,112813
A437,98693
A429,98698
A257,98698
A208,98698
A128,192734
A115,192734
A260,192734
A371,12247
A369,1109891
A321,1109891
A260,141171
A370,312409
A212,312409
A81,312409
A492,608190
A389,608190
A266,608191
A8,608191
A88,608191
A279,55801
A87,1136791
A261,1136791
A152,1136791
A390,815073
A414,815073
A446,815073
A365,1114222
A105,1114222
A253,1114222
A354,173884
A248,173884
A395,173884
A2,1102646
A239,1102646
A119,1102646
A409,63832
A358,63832
A326,211906
A232,211906
A484,211906
A267,83449
A171,2654
A247,2654
A104,2654
A494,815096
A497,815096
A489,815096
A215,277263
A222,1105505
A103,48550
A352,83461
A316,83461
A139,48555
A445,48555
A451,6238
A407,6238
A21,6238
A26,636500
A222,340078
A315,340078
A32,340078
A130,1113534
A267,578898
A474,578898
A466,1951
A288,1951
A200,1952
A304,1956
A397,1956
A133,1956
A287,636511
A199,463825
A71,463825
A189,1121569
A14,1121569
A248,1105531
A276,1105531
A238,1105531
A198,14428
A253,14429
A444,14429
A478,74749
A487,14430
A180,14430
A126,14431
A418,14431
A47,1132434
A256,1132434
A230,648121
A471,582511
A484,688849
A87,1997
A358,1131728
A132,1106298
A7,86359
A81,86359
A142,647413
A155,647413
A250,647413
A45,1120880
A258,1120880
A336,1131734
A54,562940
A487,230879
A375,1104851
A487,1104851
A79,1104851
A189,1152075
A99,1152075
A341,1152075
A94,58758
A40,230884
A462,34082
A37,34082
A393,1132486
A191,39890
A326,39890
A202,66782
A300,218410
A12,218410
A282,218410
A40,647447
A151,1117184
A354,1117184
A493,1117184
A496,66794
A411,66794
A262,227178
A247,936
A427,936
A322,940
A445,575292
A356,941
A22,941
A215,941
A91,1109185
A113,1109185
A184,85688
A110,85688
A313,85688
A323,28202
A238,28202
A424,50807
A295,50807
A398,50807
A160,379288
A253,379288
A257,379288
A47,1154229
A88,1154229
A9,1109199
A365,118682
A21,118682
A449,153598
A199,153598
A90,1154251
A372,1154251
A33,1154251
A293,62417
A116,1125909
A279,1125909
A11,79809
A377,79809
A340,739280
A286,70441
A435,70442
A26,70442
A129,70442
A467,70444
A192,70444
A375,70444
A37,79817
A200,79817
A21,129558
A156,892139
A132,892139
A93,576725
A327,576725
A495,28254
A52,28254
A361,1246
A408,1246
A88,1246
A146,237376
A334,237376
A406,27531
A107,27531
A74,27531
A303,397488
A312,397488
A322,42847
A184,42848
A467,42848
A219,155736
A177,155736
A333,155736
A455,155738
A10,155738
A32,39124
A118,39124
A8,39124
A48,39127
A101,39130
A436,39130
A320,1153577
A120,335733
A156,335733
A70,28290
A144,28290
A256,18815
A159,18815
A461,1136814
A10,1136814
A461,1120169
A105,1120169
A394,1120169
A182,82087
A344,82087
A185,82087
A174,178209
A399,139738
A460,139738
A153,139738
A256,82090
A270,82090
A367,18834
A397,18834
A152,18834
A130,39165
A229,190698
A102,1125992
A62,1125992
A382,1109957
A402,1109957
A334,46470
A245,46470
A178,46476
A78,46476
A282,46476
A398,1129570
A74,1129570
A277,1071981
A177,1071981
A17,1129573
A241,1129573
A112,39199
A48,39199
A490,39199
A400,12337
A214,12337
A487,12337
A229,29723
A398,29723
A440,694759
A309,694759
A83,46491
A188,46491
A235,46491
A73,1128856
A46,1107010
A448,1107010
A182,643199
A408,643199
A268,643199
A52,1104182
A313,1104182
A349,12347
A300,63915
A75,63915
A434,519353
A222,519353
A489,519353
A352,608292
A237,1121603
A133,1121603
A335,1130356
A398,1130356
A222,1130356
A258,12359
A137,12359
A208,192850
A248,7032
A192,1128881
A36,140569
A12,140569
A446,1114331
A65,1114331
A388,1114331
A322,7041
A225,7041
A279,7041
A82,561581
A139,561582
A135,192870
A347,1113614
A146,1102761
A461,116528
A414,116528
A343,561595
A270,94416
A386,94416
A445,94416
A4,5600
A248,1000012
A397,1000012
A332,1114364
A307,1121659
A206,1121659
A119,66809
A78,66809
A425,6343
A117,6343
A5,212777
A419,212777
A38,583318
A421,709518
A359,350319
A469,350319
A419,116553
A102,170338
A116,179706
A323,179706
A208,1112929
A301,1112929
A467,656231
A455,656231
A1,14531
A109,14531
A405,1106370
A66,1106370
A178,1109208
A113,1114398
A135,1114398
A207,95188
A293,510718
A21,510718
A143,208345
A330,208345
A401,208345
A90,6378
A66,6378
A5,22563
A47,10981
A123,10981
A58,10981
A314,110041
A361,110041
A497,14549
A335,95198
A232,95198
A73,6385
A448,6385
A28,6385
A101,575331
A337,575331
A230,575331
A170,568045
A221,568045
A59,1136110
A218,1131828
A178,1131828
A62,1131828
A100,67584
A317,243274
A227,243274
A353,243274
A331,135464
A186,135464
A124,1105672
A500,1105672
A17,93755
A10,93755
A67,93755
A61,756061
A171,756061
A439,756061
A104,522338
A251,522338
A348,522338
A232,219239
A345,219239
A355,61073
A49,262178
A364,262178
A500,262178
A8,686015
A137,1110024
A99,1110024
A153,1110024
A26,613409
A412,613409
A109,686030
A362,686030
A114,686030
A178,227286
A121,227286
A173,227286
A476,45061
A137,45061
A170,45061
A338,646836
A281,646836
A339,646836
A14,1108551
A188,1108551
A61,1108551
A495,13885
A243,13885
A328,1104999
A41,1104999
A380,1104999
A25,566653
A48,566653
A433,1127430
A5,299197
A448,299197
A92,1135455
A98,97377
A320,97377
A118,592826
A137,592826
A232,592826
A293,566664
A323,566664
A484,566664
A339,633030
A172,633031
A237,686061
A268,686061
A386,686061
A193,592830
A159,592830
A416,573964
A139,573964
A117,573964
A498,1155073
A256,1155073
A466,17476
A408,17476
A298,17477
A45,17477
A442,190706
A331,190706
A239,190706
A271,28336
A256,573978
A350,573978
A98,573978
A455,1107861
A406,17488
A304,1128198
A196,1128198
A396,1108597
A298,1108597
A231,103515
A356,27623
A21,27623
A285,200480
A117,103529
A126,103529
A170,649730
A308,649730
A9,649730
A329,39210
A381,39210
A140,46501
A474,46501
A368,27632
A465,27632
A53,27632
A419,649739
A385,649739
A105,649739
A139,1119471
A143,1119471
A101,1119471
A425,103531
A174,103531
A182,470511
A141,509233
A49,236759
A348,236759
A15,236759
A160,237489
A256,237489
A256,1152944
A107,1118764
A466,1118764
A28,1118764
A202,643221
A260,643221
A143,643221
A478,212097
A320,608326
A324,608326
A192,608326
A125,643239
A285,1131116
A139,1131116
A209,202639
A315,202639
A104,202639
A114,141324
A132,294145
A77,1128927
A87,561610
A209,561611
A366,561611
A471,561611
A199,147870
A393,248395
A454,248395
A371,248395
A378,1128935
A240,1128935
A454,241133
A214,241133
A127,241133
A400,141342
A240,141342
A3,141342
A471,141347
A19,1128946
A214,1128946
A297,1131164
A450,1131164
A85,1131164
A249,12439
A369,12439
A413,1131167
A79,1131167
A410,1131167
A467,1129683
A429,1129683
A310,1129683
A176,359067
A212,117315
A355,117316
A257,117316
A372,117316
A415,144212
A322,144212
A238,1106401
A290,1106401
A325,1134022
A410,1134022
A21,13193
A416,13193
A407,13193
A488,1131192
A409,1107136
A443,1131195
A39,1131195
A257,1128982
A208,1128982
A211,121792
A492,121792
A459,653441
A88,385251
A4,385251
A475,385251
A365,1126011
A56,1126011
A176,1126011
A486,1134031
A485,1134031
A349,642593
A58,1115166
A36,1115166
A290,1115166
A63,737204
A357,737204
A341,118079
A273,118079
A9,1122460
A57,1114442
A224,1114442
A153,1114442
A133,589923
A378,1121739
A89,1121739
A133,626574
A110,1126037
A284,1126037
A442,1126037
A76,645452
A38,645452
A337,753264
A458,753264
A285,1126044
A6,1126044
A414,74920
A472,74920
A364,74920
A496,74921
A34,1105718
A252,1105718
A8,48764
A231,48764
A85,48768
A415,1113742
A111,1113742
A10,1113742
A213,74937
A200,575402
A179,575402
A406,575402
A256,168958
A445,168958
A85,168958
A440,78508
A220,289085
A38,289085
A78,78511
A90,78511
A333,308232
A201,308232
A170,682508
A14,682508
A288,75691
A188,75691
A35,75691
A234,75693
A23,75693
A17,75693
A446,75694
A168,75694
A193,155158
A311,155158
A443,1105764
A348,1105764
A239,1152259
A157,579008
A125,1128201
A44,1128201
A71,1133390
A457,1133390
A124,1118083
A184,78549
A48,78549
A350,78549
A384,604073
A15,595056
A433,595056
A454,1118092
A23,1118092
A494,1125386
A412,1125386
A320,1125386
A417,78552
A436,78552
A461,78552
A270,78555
A171,78555
A252,78555
A219,78557
A36,78557
A71,646900
A176,646900
A416,646900
A267,595063
A157,595063
A451,595063
A230,648369
A474,648369
A481,1128227
A171,1128227
A303,1128227
A229,89416
A267,89416
A411,89416
A485,578306
A337,578306
A431,578306
A219,683294
A204,440815
A348,440815
A238,126867
A70,126868
A268,126868
A203,72056
A351,72056
A343,72056
A183,1119505
A293,1119505
A178,1128256
A112,1128256
A187,1108656
A352,71336
A204,1109392
A344,40886
A268,40886
A493,1115959
A494,1115959
A358,578347
A470,284023
A138,345340
A141,621555
A466,621555
A136,118873
A399,118873
A9,118873
A285,8687
A338,8687
A32,226698
A22,226698
A278,226698
A6,578365
A45,578365
A53,1135589
A225,1135589
A350,1135589
A24,8696
A346,8696
A272,8696
A459,1118823
A357,411005
A407,411005
A47,411005
A211,509315
A377,509315
A1,509315
A418,171954
A308,230300
A386,1105011
A88,1105011
A259,1121057
A426,1121057
A394,1121057
A415,592973
A85,592973
A181,592973
A264,592975
A168,592975
A48,48066
A358,48066
A379,48066
A194,248431
A358,1121063
A9,592986
A307,592986
A143,48075
A222,289885
A129,289885
A124,592993
A200,592993
A10,592996
A270,592996
A21,592996
A74,28489
A416,28489
A171,28489
A84,590022
A136,111676
A95,111676
A321,111676
A355,13205
A249,13205
A14,13205
A52,13208
A61,13208
A444,102938
A221,102938
A343,102938
A192,102939
A194,102939
A53,102939
A484,416867
A315,416867
A351,72805
A319,72805
A59,574009
A483,574009
A304,294239
A222,1131223
A269,77108
A295,77108
A88,5064
A289,5069
A137,5069
A329,1131230
A160,1131230
A25,1131230
A192,40125
A259,1123215
A238,20526
A498,20526
A176,20528
A66,77112
A329,107251
A471,107251
A314,107251
A82,107252
A248,107252
A171,107252
A105,5075
A188,5075
A197,5075
A400,126128
A310,126128
A368,126128
A449,734406
A180,40131
A13,40131
A61,703953
A250,703953
A459,40135
A205,40135
A63,1131257
A410,1123239
A376,1123239
A297,1123239
A127,1129778
A155,1129778
A4,1129778
A461,662250
A234,711994
A338,273949
A453,273949
A327,273949
A29,1131266
A359,1131266
A282,1130539
A425,377303
A181,377303
A367,377303
A191,179180
A24,1129798
A188,1114512
A100,1114512
A340,1114512
A360,1110950
A346,1110950
A236,12558
A330,853114
A368,853114
A99,853114
A158,853115
A208,853115
A35,853116
A154,853118
A360,1114526
A222,212930
A215,212930
A11,206371
A109,206371
A459,206371
A99,105856
A80,105856
A468,105856
A7,463
A411,20592
A278,20592
A157,20592
A179,51049
A42,51049
A235,20593
A110,20593
A69,83746
A183,83746
A220,124734
A454,124734
A325,124734
A109,106590
A84,106590
A295,1133417
A89,1133417
A37,1133417
A57,1125402
A122,1153024
A391,1153024
A128,853155
A67,853155
A110,1118120
A389,1105810
A197,1105810
A399,1105810
A449,1113831
A128,1113831
A323,1113831
A341,646289
A3,1106546
A101,1106546
A231,31479
A380,31479
A329,31483
A384,31483
A42,31483
A125,31489
A127,31489
A35,94639
A131,94639
A2,631015
A358,631015
A306,631015
A345,645571
A486,645571
A230,1106568
A261,1106568
A379,1106568
A461,430711
A238,430711
A250,430711
A268,7296
A110,7296
A202,7296
A401,1132731
A77,1132731
A127,1132731
A434,1153064
A330,1153064
A462,93923
A143,93923
A205,93923
A61,1134197
A444,87363
A122,87363
A437,87363
A46,395540
A214,395547
A39,395547
A399,395547
A175,50381
A375,1129015
A204,1129015
A275,1129015
A241,126909
A256,126909
A152,126909
A320,143676
A235,395553
A166,752684
A456,752684
A272,1129021
A489,1129021
A363,19045
A33,19045
A81,19045
A437,631052
A204,631052
A444,126912
A452,126912
A195,126912
A96,116790
A456,5869
A222,5869
A379,5869
A304,579108
A348,579108
A423,683355
A373,1105877
A217,1105877
A377,59772
A149,59772
A320,243483
A175,126926
A286,126926
A264,126926
A219,155277
A99,1128314
A347,1128314
A24,1105887
A164,1105887
A131,1110209
A492,1110209
A103,1110209
A350,307656
A50,307656
A218,307656
A243,199571
A284,199571
A254,199571
A211,1152394
A140,1152394
A456,60560
A372,60560
A235,595193
A418,990075
A73,990075
A482,119686
A261,119686
A432,1154520
A310,1154520
A302,1154520
A54,28504
A19,1154524
A106,1154525
A241,1129096
A323,1128369
A222,1128369
A255,96845
A164,96845
A80,380341
A187,380341
A102,8766
A362,8766
A486,1110256
A461,1110256
A179,55403
A396,389715
A483,389715
A70,1153816
A44,1153816
A141,131317
A157,260979
A4,260979
A260,264556
A171,264556
A206,35852
A372,35852
A224,35852
A459,1119671
A275,1119671
A81,1119671
A415,1153853
A109,1153853
A349,1153853
A109,1112417
A225,1112417
A99,1153860
A6,1153860
A211,1153860
A473,1153861
A102,35863
A95,1121176
A22,1121176
A321,1131301
A371,1131301
A239,1131301
A198,1131305
A351,1131305
A127,1131305
A102,1105148
A371,1105148
A222,134219
A120,134219
A460,134219
A258,671052
A289,1131312
A452,1131312
A86,1131312
A450,156794
A299,156794
A232,156794
A16,1153896
A394,1153899
A106,1153899
A395,167656
A386,167656
A451,239829
A358,239829
A104,1104435
A101,1104435
A167,1104435
A2,187260
A462,187260
A130,231198
A497,231198
A66,1131334
A139,1131334
A263,1131335
A288,1131335
A370,1131335
A16,142268
A117,142268
A406,142268
A189,504
A69,506
A84,228990
A168,228990
A352,228990
A12,228992
A432,228992
A21,1132073
A492,1132073
A175,654326
A189,654326
A88,1116044
A425,1116044
A105,1116044
A353,1131359
A446,1131359
A495,1131359
A439,643485
A143,643485
A447,643485
A234,654339
A189,654339
A347,1107319
A440,1107319
A319,132821
A12,132821
A87,132821
A56,360028
A462,360028
A416,360028
A19,214472
A282,214472
A439,214472
A485,646334
A445,653628
A163,653628
A56,653628
A282,1107325
A148,166989
A100,166989
A430,166989
A427,1111788
A314,151708
A273,151708
A458,118259
A76,118259
A340,118259
A446,32260
A488,32260
A135,137130
A400,92589
A299,92589
A61,118260
A359,118260
A347,118260
A54,124828
A418,124828
A259,124828
A13,141596
A363,197452
A325,197452
A253,646357
A41,1153106
A469,30817
A382,642798
A264,642798
A187,642798
A110,1130676
A289,1130676
A174,1130676
A296,1107355
A278,1107355
A380,1118209
A151,1118209
A128,1118209
A22,987188
A387,987188
A284,987188
A53,87417
A117,87417
A217,87417
A263,23545
A402,23545
A168,23546
A124,1113926
A311,94713
A313,94713
A326,94713
A82,1107367
A295,987197
A245,987197
A365,987197
A445,521183
A465,1114664
A56,1114664
A287,69296
A347,69296
A437,69296
A395,51180
A400,51180
A127,51180
A384,43165
A87,43165
A469,43165
A261,1132815
A130,1132815
A449,1107385
A378,100197
A370,100197
A420,100197
A380,520471
A388,520471
A55,215912
A262,215912
A212,61312
A302,61312
A292,1129106
A95,1129106
A419,1129106
A472,43186
A241,43186
A33,1129111
A211,41732
A486,22869
A370,9513
A310,9513
A307,9513
A249,9515
A162,119712
A35,119712
A155,119712
A397,270456
A216,5959
A276,576362
A198,576362
A222,576362
A456,1153183
A450,1153183
A131,22874
A497,22874
A147,22874
A241,22875
A328,22876
A211,1124837
A18,1132857
A171,1132857
A302,594511
A476,22883
A207,238401
A75,1136449
A385,714208
A247,9559
A5,135798
A370,135798
A86,135798
A478,1152490
A398,1152490
A401,1152490
A235,1109566
A4,1109566
A151,1103038
A259,177115
A225,523394
A238,523394
A16,523394
A149,1128453
A420,1109581
A402,101660
A335,101660
A442,101660
A230,101662
A138,101662
A130,101662
A268,9581
A479,9586
A308,9586
A476,1135750
A96,51934
A409,51934
A261,762980
A208,762980
A128,1153900
A105,593859
A284,593859
A255,714256
A451,714256
A245,714256
A269,8874
A78,8874
A376,25794
A415,25794
A86,25794
A19,75121
A453,28632
A107,28632
A98,1153922
A286,1153922
A374,1119742
A410,1119742
A496,1119742
A287,63549
A327,63549
A334,63549
A57,1138619
A414,1138619
A310,1138619
A67,1102364
A426,28640
A432,28640
A158,28641
A187,28641
A229,28641
A172,409725
A364,409725
A187,292277
A140,292277
A230,606479
A231,606479
A286,1153942
A476,1153942
A405,1153945
A45,1153945
A188,1153946
A243,709113
A356,194609
A226,90470
A202,90470
A55,820661
A314,820662
A208,820662
A424,1105231
A131,1105231
A78,1105231
A311,73712
A168,54844
A428,54844
A124,54844
A171,684972
A487,134314
A64,134314
A289,134314
A417,735303
A17,824245
A71,195361
A369,195361
A186,529165
A117,529165
A432,529165
A81,1131414
A414,1131414
A322,617378
A357,617378
A222,1120563
A158,47570
A440,684986
A87,684986
A18,735311
A81,735311
A1,187354
A385,187354
A412,1132157
A453,1132157
A80,58436
A400,58436
A254,58436
A131,278403
A66,278403
A485,278403
A414,58453
A411,58453
A238,58453
A110,58454
A17,58454
A357,58454
A380,206524
A391,206524
A105,593104
A276,593104
A360,133628
A135,133628
A464,133628
A495,46887
A442,46887
A394,49720
A44,49720
A389,1131471
A281,1131471
A100,1131471
A8,643597
A487,643597
A229,643597
A25,1107418
A31,1129994
A170,1129994
A256,1129994
A64,573535
A293,814836
A164,814836
A438,1119004
A108,1119004
A151,1119004
A230,1134320
A76,1116181
A240,1116181
A253,1116181
A315,1108167
A344,1108167
A30,1108169
A436,49753
A256,49753
A297,49753
A200,57773
A66,57773
A447,57773
A109,7430
A367,521251
A488,521251
A43,593155
A428,642894
A403,642894
A376,1126315
A226,1126315
A17,1108175
A26,1059953
A287,1059953
A70,1059953
A464,521269
A462,521269
A471,1118302
A127,1130780
A356,1130780
A144,1130780
A117,1134346
A443,1134348
A212,1134348
A460,1134348
A342,1135082
A105,1135082
A267,899085
A92,899085
A156,124952
A163,124952
A50,240791
A469,240791
A342,189571
A125,189572
A39,189572
A432,1126350
A148,189574
A374,189574
A293,177993
A351,27230
A16,27230
A44,1119078
A484,128540
A92,128540
A435,308529
A305,54131
A161,75983
A452,15670
A114,15670
A220,33818
A356,33818
A407,95594
A130,95594
A494,95594
A68,6782
A190,33823
A186,33823
A45,33823
A381,25805
A324,25805
A363,1153287
A46,1153287
A168,1153287
A259,596075
A156,596075
A378,596075
A50,817774
A94,817774
A202,18532
A209,18532
A316,18532
A289,18536
A3,18536
A385,235670
A152,235678
A455,235679
A131,739707
A129,739707
A291,739707
A479,17811
A400,17811
A485,503871
A437,235683
A417,235683
A409,1128531
A45,1128531
A310,594649
A448,1128536
A115,1128536
A422,1102400
A398,1102400
A230,593921
A493,593921
A311,486840
A310,486840
A26,1127810
A185,1127810
A347,1127810
A262,503893
A396,503893
A355,399370
A120,387795
A260,387795
A469,387795
A10,220420
A341,593942
A474,593942
A281,593942
A42,8961
A91,8961
A320,8961
A267,645016
A396,481073
A94,481073
A204,481073
A445,11337
A493,578650
A449,578650
A181,1130069
A443,1130069
A325,1130069
A244,1127851
A279,124224
A273,124224
A121,124224
A14,37483
A28,37483
A354,578669
A56,578669
A54,578669
A447,1127863
A63,1135894
A314,645046
A286,645046
A306,22229
A119,22229
A103,149669
A42,149669
A150,365294
A40,169279
A275,169279
A94,1138755
A97,323128
A261,22241
A416,22241
A311,22241
A382,156977
A353,156977
A285,156977
A87,763010
A132,763010
A291,1120650
A132,1120650
A11,1120650
A488,1105344
A13,59244
A447,59244
A323,59244
A24,286500
A408,567005
A428,567005
A237,644361
A228,644361
A283,644363
A481,644363
A342,644363
A448,154023
A60,154023
A478,286513
A141,459206
A281,459206
A88,671269
A491,671269
A366,671269
A425,1105360
A321,1112650
A78,632796
A81,632796
A343,632796
A191,47682
A210,47682
A236,47683
A29,47683
A416,47683
A303,47684
A343,47684
A165,4637
A110,642920
A407,634902
A337,634902
A127,634902
A439,459213
A50,459214
A338,459214
A83,634904
A475,634904
A106,634904
A158,459216
A85,20821
A54,20821
A368,178718
A158,178718
A406,1108209
A52,1108209
A401,1112665
A440,1112665
A472,1112665
A153,1104647
A471,1140289
A377,66563
A108,66563
A19,66563
A70,67292
A322,67292
A318,67292
A75,66564
A454,66564
A247,154047
A449,642930
A476,654519
A7,654519
A425,654519
A237,178727
A170,1135108
A399,1135108
A271,593201
A483,593201
A395,593201
A419,162075
A252,593209
A462,107569
A185,107569
A305,107569
A265,1123530
A443,1135115
A114,1135115
A487,1135115
A295,1132285
A29,1132285
A264,1132285
A362,1131557
A63,1131557
A449,162080
A237,162080
A376,3932
A308,3932
A19,593210
A407,118424
A335,118424
A363,118424
A223,1135122
A414,634938
A145,634938
A284,634938
A323,1131565
A248,1131565
A291,20857
A109,118435
A394,118436
A278,643695
A151,1130847
A69,1130847
A198,1130847
A393,1111978
A198,1111978
A120,1154012
A282,1154012
A71,1154012
A145,1108258
A386,1108258
A264,1108258
A83,49844
A213,49844
A281,49847
A299,49847
A49,49847
A208,189620
A462,189620
A134,189620
A466,189623
A380,189623
A384,1108267
A5,1050679
A446,1050679
A253,634975
A56,634975
A118,634975
A252,1114838
A474,1114838
A76,1114838
A452,577227
A360,577227
A387,28026
A348,601561
A230,601561
A387,24476
A485,1026
A101,1026
A93,1026
A183,95642
A119,95642
A440,95642
A397,270600
A98,145384
A171,145384
A124,145384
A247,16461
A399,16461
A201,35335
A367,35335
A425,1138027
A313,1138027
A421,1138027
A241,1035
A347,1035
A38,1114864
A465,1154068
A334,1154068
A406,449841
A391,1154071
A229,1154071
A115,1106854
A359,210309
A487,210309
A345,210309
A77,801170
A215,801170
A498,251756
A102,251756
A192,645870
A168,144679
A336,144679
A129,1138043
A36,1138043
A290,1138043
A329,86923
A62,86923
A142,86923
A349,342802
A173,1152633
A14,1152633
A54,711527
A154,711527
A425,711527
A57,684372
A291,684372
A297,684372
A42,216878
A290,216878
A424,62274
A266,62274
A175,72406
A252,101811
A497,246618
A38,1136631
A9,1136631
A401,1152676
A497,1152676
A450,1152676
A326,235776
A492,57119
A92,57119
A459,57119
A242,119956
A244,119956
A178,948147
A135,739816
A316,739816
A49,739816
A487,3222
A318,3222
A235,3222
A372,1117786
A76,1117786
A228,1117786
A343,1110520
A483,36802
A168,36802
A158,36802
A7,3232
A159,3232
A432,3237
A214,3237
A117,1111265
A111,1111265
A122,1111265
A278,695284
A329,695284
A328,37541
A407,37541
A206,1110546
A165,1110546
A416,1110546
A94,71736
A314,71736
A499,71736
A187,1135955
A439,1135955
A492,12155
A489,258259
A341,258259
A452,1114118
A337,606647
A66,606647
A78,12165
A421,12165
A246,12165
A435,1110563
A452,1110563
A187,1110563
A197,12169
A387,1133004
A181,1133008
A303,1133008
A190,1102567
A205,1102567
A311,12195
A273,12195
A47,28851
A289,28851
A122,644427
A456,644427
A194,1113438
A117,1113438
A387,1113438
A145,1121459
A122,1121459
A276,689439
A105,689439
A425,633585
A66,633585
A307,633585
A238,31083
A307,6152
A380,6152
A369,1119987
A135,1114184
A210,82664
A329,82664
A382,82664
A118,82666
A276,82666
A277,672070
A158,672070
A45,672070
A168,672071
A396,672071
A165,672071
A361,632874
A97,632874
A206,632874
A487,1114192
A180,644470
A452,644470
A70,644470
A343,5462
A140,594011
A319,20924
A73,20924
A439,1131634
A151,1120786
A339,1112767
A43,180301
A326,180301
A38,180301
A144,160705
A284,628458
A430,628458
A417,628458
A146,628459
A203,628459
A106,1130915
A66,1130915
A135,1116336
A297,1116336
A311,390889
A124,390889
A238,390889
A469,57922
A461,57922
A17,57922
A465,594039
A289,13654
A447,57932
A50,57932
A299,57932
A318,73972
A63,73972
A183,198443
A163,198443
A58,198443
A379,60159
A443,60159
A378,101143
A436,101145
A411,101145
A383,101145
A294,763181
A285,44121
A261,44121
A2,593328
A173,259772
A229,259772
A264,259772
A158,189708
A86,189708
A133,60169
A419,60169
A212,24530
A309,24530
A28,467383
A341,467383
A192,20972
A174,13686
A315,13686
A60,13686
A72,152731
A193,152731
A434,118558
A189,118558
A480,118558
A270,118559
A31,118559
A154,118559
A253,1154123
A291,1154123
A221,1154123
A346,1154124
A222,1154124
A26,1154124
A489,1126503
A454,1126503
A67,40583
A139,40583
A201,40583
A389,95719
A183,693143
A187,693143
A138,693143
A483,36131
A231,36131
A81,36131
A204,1123689
A338,1123689
A301,6913
A450,256106
A131,36140
A30,36140
A271,36140
A92,1115670
A436,1115670
A109,1108389
A80,6923
A289,6923
A113,6923
A237,6925
A398,6925
A327,6925
A43,36162
A387,62329
A204,36167
A67,36167
A258,36167
A132,6941
A345,245288
A438,62333
A82,62333
A360,189774
A91,1133846
A440,167205
A400,167205
A301,62347
A279,62347
A13,62347
A265,267003
A90,267003
A366,1114992
A474,1114992
A7,1114992
A164,1112026
A334,1112026
A353,1112026
A39,1119295
A243,1111304
A262,1111304
A342,1111304
A399,964248
A334,45603
A255,45603
A150,45603
A61,1109830
A444,1109830
A175,1152761
A345,62389
A184,444191
A435,263482
A208,263486
A5,263498
A316,263498
A378,675756
A410,675756
A114,1125895
A19,627024
A285,627024
A412,627024
A481,12211
A269,12211
A200,12211
A59,643069
A144,643069
A481,643069
A144,1112075
A325,1112075
A434,1112075
A3,884094
A396,884094
A413,884094
A416,120817
A261,120817
A268,120817
A473,1110628
A455,1110628
A183,1110628
A157,18770
A219,18770
A144,18773
A341,173863
A221,173863
A83,173863
A367,1130243
A116,1130243
A306,1102625
A415,1102625
A446,1102625
A5,63812
A186,63812
A104,63812
A446,18781
A213,18781
A343,18781
A22,18785
A130,18785
A5,1129494
A74,1129494
A165,1129494
A40,578845
A361,68115
A209,68115
A427,293271
A165,63835
A384,1919
A170,1919
A217,164
A109,164
A64,164
A500,293285
A189,293285
A122,293285
A444,12275
A75,1103383
A232,1103383
A81,1114239
A291,1114239
A447,1114239
A489,6215
A179,6215
A223,6215
A311,288107
A338,385067
A278,1121537
A438,1103394
A80,6224
A55,2663
A301,2663
A200,2663
A490,104840
A67,104840
A420,632935
A423,1106236
A339,1106236
A172,375605
A83,1132406
A387,1132406
A207,1132406
A358,28964
A69,308003
A224,308003
A176,47839
A90,47839
A245,753070
A294,753070
A433,753070
A156,563613
A285,563613
A105,563613
A274,1132416
A185,1132416
A6,1132416
A79,2695
A204,2695
A301,2695
A288,2696
A88,2696
A13,2696
A459,2698
A200,1105530
A470,1113551
A432,1113551
A149,688824
A89,688824
A279,688824
A229,1138968
A381,1138968
A73,1138968
A480,1120858
A183,1120858
A253,40605
A305,40605
A295,40605
A414,1132443
A162,1132443
A438,1132443
A394,1999
A164,33325
A200,33325
A429,33325
A292,644577
A426,644577
A150,66751
A190,594119
A26,594119
A401,594119
A484,1132461
A101,1132461
A42,1132461
A113,1115701
A146,1131741
A396,1131741
A307,1131741
A272,270085
A28,270085
A431,270085
A204,1136040
A461,1136040
A220,1136040
A217,1131752
A98,1131752
A446,1131752
A95,1131754
A197,1131754
A260,4878
A78,4878
A62,1123756
A380,1123756
A281,1135345
A314,1135345
A389,1135345
A405,1107728
A442,1154232
A222,1154233
A213,1154233
A146,1154233
A16,17363
A223,17363
A464,17363
A447,1213
A347,1213
A117,149139
A201,28230
A141,50838
A320,50838
A389,50838
A50,1125906
A360,1125906
A489,1125906
A495,32698
A142,754594
A33,754594
A10,1133930
A53,1133930
A313,1133930
A294,1115790
A399,28249
A208,28249
A76,28249
A41,1237
A67,1237
A290,1237
A162,684531
A243,238099
A192,131042
A460,131042
A493,444240
A483,444240
A397,1112106
A286,1112106
A280,1112106
A362,27535
A283,27535
A29,27535
A399,28267
A363,28267
A30,28267
A152,1120138
A68,1120138
A160,1120138
A37,1117920
A119,1125944
A118,1125944
A160,1118658
A485,1118658
A389,263553
A253,263553
A492,1125953
A382,1125953
A53,1125953
A218,114308
A305,114308
A139,114308
A89,630817
A26,687401
A311,687401
A453,594900
A439,594900
A70,594900
A312,10174
A382,73323
A475,46431
A359,46431
A119,202520
A50,202520
A91,15987
A124,15987
A48,15987
A106,10186
A65,294030
A127,294030
A45,294030
A236,675847
A487,675847
A491,675847
A7,190697
A29,190697
A474,190697
A448,576795
A438,576795
A48,1125993
A213,1125993
A315,519318
A360,1120197
A359,1120197
A405,1152896
A74,1152896
A152,1152896
A30,1122304
A209,2702
A348,2702
A29,2702
A465,1129572
A222,1112194
A458,1112194
A353,1112194
A172,29738
A219,29738
A339,29738
A229,1128868
A2,633721
A295,630890
A22,1123068
A218,1123068
A377,1123068
A160,561568
A325,561568
A152,733534
A415,1102751
A271,1114336
A253,1114336
A218,1123087
A274,1123087
A31,6311
A175,6311
A265,6311
A379,116512
A139,116512
A127,6318
A129,7047
A36,1123093
A70,1123093
A422,1103499
A204,1103499
A233,151430
A468,151430
A281,151430
A238,431206
A186,372862
A228,372862
A160,372862
A89,561593
A137,1106330
A377,1105603
A330,1105603
A403,1105603
A228,1132505
A447,1132505
A108,1132505
A94,74821
A135,74821
A415,74821
A187,6344
A306,6344
A417,6344
A467,116545
A74,733576
A59,733576
A434,733576
A219,1112911
A298,1112911
A360,1105622
A149,1102794
A194,1102794
A268,1102794
A474,262108
A466,262108
A24,116552
A12,41417
A453,41417
A128,1140543
A45,14529
A44,14529
A118,14529
A214,1117219
A291,1117219
A65,1117219
A105,1107095
A354,1107095
A348,1107095
A400,1140548
A499,1140548
A224,1140548
A445,523010
A13,523010
A282,42156
A374,262121
A395,22564
A120,22564
A359,14545
A41,14545
A298,14545
A374,22566
A479,1106388
A419,429781
A387,335042
A172,335042
A59,219218
A384,219218
A97,219218
A258,610529
A453,610529
A160,610529
A177,250566
A428,1104946
A391,195792
A454,195792
A404,1152179
A258,1152179
A109,1152179
A101,89308
A100,89308
A295,89308
A116,350373
A102,628667
A140,628667
A445,628667
A325,628668
A160,628668
A276,628668
A462,102061
A94,102061
A177,430574
A491,430574
A362,1107808
A136,1107808
A241,1107808
A477,1110028
A167,1110028
A108,1110028
A247,45052
A476,89335
A369,89335
A188,89335
A421,252715
A469,252715
A344,4983
A243,4983
A171,4983
A261,646837
A61,646837
A412,1139009
A186,1139009
A442,1139009
A222,252725
A44,252725
A430,593544
A136,299195
A207,593559
A18,1108570
A105,1108570
A359,1108570
A212,272345
A199,272345
A329,593560
A110,70520
A272,70520
A56,131122
A417,131122
A66,8591
A451,8591
A463,217852
A351,264347
A15,7867
A333,7867
A490,27612
A213,27612
A194,27612
A499,1152917
A491,1152917
A37,1152917
A179,28359
A104,103528
A279,46500
A458,27631
A85,27631
A359,289779
A114,103537
A68,103537
A271,633081
A48,633081
A370,255628
A82,397590
A56,397590
A300,1129610
A222,1129610
A362,1129610
A460,50980
A31,50980
A418,50980
A341,28385
A451,28385
A63,427606
A452,427606
A186,427606
A235,616336
A490,616336
A419,1120252
A444,1152958
A265,1152958
A326,1152958
A83,1152959
A256,1152959
A373,1152959
A29,1385
A344,1385
A392,1385
A315,254923
A440,34961
A121,34961
A323,34961
A451,46547
A161,46547
A405,13136
A192,13136
A382,1131137
A483,1131137
A273,233106
A415,561613
A314,561613
A454,1131149
A132,1104258
A479,1152991
A22,447250
A73,115188
A474,115188
A103,115188
A426,102879
A378,1131150
A137,1131150
A370,56708
A313,56708
A361,1128943
A478,1128943
A445,134060
A175,134060
A222,102884
A239,1131163
A157,1131163
A178,4274
A486,4274
A277,1131172
A2,1131172
A274,767763
A394,767763
A387,767763
A380,152226
A438,152226
A485,152226
A44,152227
A314,152227
A430,626530
A413,626530
A460,626531
A48,626531
A314,626531
A263,1131180
A224,1131180
A387,1130454
A463,1130454
A208,1131184
A363,1128974
A470,1128974
A214,1128975
A124,1128977
A237,1128977
A362,1128978
A103,1128978
A496,117328
A144,117328
A224,117328
A204,24043
A195,24043
A121,24043
